{"type":"FeatureCollection","features":[{"type":"Feature","properties":{"aid":"centerpoint","eia_id":"8901","name":"CENTERPOINT ENERGY","type":"INVESTOR OWNED"},"geometry":{"type":"Polygon","coordinates":[[[-96.65847,29.26388],[-96.56055,29.33544],[-96.79313,29.57738],[-96.83281,29.57686],[-96.8392,29.58463],[-96.83329,29.59581],[-96.84425,29.60894],[-96.84299,29.61642],[-96.85914,29.62438],[-96.86586,29.63043],[-96.865,29.63271],[-96.87422,29.63271],[-96.71704,29.79271],[-96.56984,29.96152],[-96.62198,30.04428],[-96.59414,30.07102],[-96.5859,30.06467],[-96.51881,30.0652],[-96.28889,30.09683],[-96.27617,30.09238],[-96.27122,30.09411],[-96.2679,30.08293],[-96.25946,30.07575],[-96.24742,30.07526],[-96.24309,30.07229],[-96.23956,30.07557],[-96.22886,30.07572],[-96.2141,30.06931],[-96.20996,30.06231],[-96.20679,30.06696],[-96.19018,30.06491],[-96.16295,30.05279],[-96.15743,30.05523],[-96.15537,30.06702],[-96.14605,30.07022],[-96.15051,30.0722],[-96.15125,30.0764],[-96.137,30.067],[-96.13378,30.07096],[-96.14092,30.07684],[-96.14229,30.08423],[-96.15207,30.08503],[-96.15842,30.09171],[-96.159,30.09703],[-96.15256,30.10254],[-96.15398,30.10799],[-96.16027,30.10807],[-96.16428,30.10115],[-96.16994,30.09879],[-96.17466,30.1027],[-96.17146,30.10935],[-96.17505,30.11244],[-96.18865,30.11046],[-96.19123,30.11758],[-96.18084,30.11706],[-96.17869,30.11977],[-96.19221,30.13666],[-96.1878,30.14169],[-96.17592,30.13773],[-96.17176,30.13983],[-96.18264,30.14941],[-96.18066,30.15568],[-96.15885,30.14214],[-96.15253,30.14313],[-96.15013,30.15545],[-96.16201,30.16492],[-96.15456,30.17712],[-96.15996,30.18211],[-96.15702,30.18912],[-96.15927,30.20457],[-96.14697,30.21823],[-96.14019,30.21222],[-96.13011,30.21076],[-96.11593,30.22788],[-96.10941,30.21991],[-96.09743,30.21447],[-96.08894,30.22872],[-95.80431,30.24557],[-95.80459,30.34172],[-95.83024,30.63028],[-95.59897,30.509],[-95.36187,30.50892],[-95.35333,30.49507],[-95.3507,30.47606],[-95.33028,30.4431],[-95.33083,30.43561],[-95.30839,30.40575],[-95.2884,30.39547],[-95.27716,30.39365],[-95.26456,30.38457],[-95.23663,30.37952],[-95.22707,30.36381],[-95.22072,30.3616],[-95.21636,30.35459],[-95.20381,30.3521],[-95.20309,30.34801],[-95.21116,30.33873],[-95.22061,30.33739],[-95.22761,30.32597],[-95.22577,30.31945],[-94.84262,30.48746],[-94.84941,30.49355],[-94.77734,30.489],[-94.73273,30.49007],[-94.59634,30.1121],[-94.44491,30.11302],[-94.4422,29.88705],[-94.35798,29.88746],[-94.35339,29.57609],[-94.35488,29.50633],[-94.49945,29.45234],[-94.62519,29.39766],[-94.65031,29.38282],[-94.63605,29.37064],[-94.6239,29.34314],[-94.62903,29.32164],[-94.65036,29.29189],[-94.66622,29.28105],[-94.68029,29.2776],[-94.69231,29.27705],[-94.71331,29.28252],[-94.74117,29.25958],[-94.75074,29.24693],[-94.77269,29.23172],[-94.91217,29.15932],[-95.0002,29.10445],[-95.0864,29.06824],[-95.09162,29.06274],[-95.08726,29.058],[-95.0938,29.03333],[-95.10653,29.01494],[-95.13947,28.9917],[-95.18083,28.94893],[-95.22723,28.91038],[-95.30812,28.85883],[-95.31542,28.84221],[-95.33052,28.82829],[-95.37799,28.81028],[-95.42007,28.80563],[-95.49389,28.76534],[-95.53378,28.75026],[-95.77784,28.62527],[-96.07833,28.5],[-96.18224,28.45204],[-96.25819,28.40787],[-96.26707,28.38823],[-96.28231,28.375],[-96.30353,28.36502],[-96.32076,28.36287],[-96.32874,28.35205],[-96.34181,28.34238],[-96.34473,28.32599],[-96.35269,28.31292],[-96.37525,28.29076],[-96.3952,28.27974],[-96.38048,28.38086],[-96.32273,28.64294],[-96.32352,28.6756],[-96.30918,28.96329],[-96.65847,29.26388]]]}},{"type":"Feature","properties":{"aid":"comed","eia_id":"4110","name":"COMMONWEALTH EDISON CO","type":"INVESTOR OWNED"},"geometry":{"type":"Polygon","coordinates":[[[-88.98472,40.66504],[-89.08474,40.66282],[-89.08665,40.69708],[-89.06666,40.69613],[-89.06666,40.76656],[-89.0876,40.76656],[-89.08855,40.80273],[-89.11044,40.80368],[-89.17224,40.92677],[-89.30841,40.96473],[-89.29444,41.10394],[-89.16225,41.10393],[-89.16297,41.25062],[-89.11615,41.24912],[-89.11615,41.27672],[-88.99242,41.27958],[-88.99147,41.37571],[-89.0067,41.37475],[-89.02764,41.3976],[-89.16517,41.396],[-89.1665,41.48916],[-89.85733,41.48747],[-89.85674,41.35013],[-89.9999,41.41408],[-90.00036,41.50039],[-90.12926,41.47186],[-90.13171,41.39379],[-90.18596,41.38618],[-90.18596,41.41854],[-90.2069,41.43186],[-90.26686,41.43567],[-90.28494,41.44709],[-90.28304,41.49563],[-90.25163,41.49563],[-90.24637,41.52417],[-90.2258,41.53001],[-90.22011,41.5369],[-90.19345,41.54228],[-90.18423,41.55716],[-90.17894,41.57359],[-90.18608,41.5874],[-90.16579,41.59445],[-90.1674,41.61008],[-90.16061,41.61792],[-90.1598,41.63066],[-90.16211,41.63546],[-90.24686,41.65204],[-90.25162,41.63759],[-90.34238,41.63771],[-90.34282,41.64919],[-90.33383,41.68062],[-90.31357,41.69702],[-90.31224,41.70494],[-90.31747,41.72035],[-90.31384,41.73692],[-90.30019,41.75238],[-90.27768,41.76758],[-90.21968,41.79424],[-90.18269,41.80635],[-90.18034,41.81285],[-90.18395,41.83646],[-90.17352,41.85597],[-90.16953,41.87712],[-90.15334,41.90826],[-90.15244,41.92924],[-90.04617,41.93033],[-90.0258,41.99567],[-90.05788,42.0163],[-90.09683,42.05754],[-90.12891,42.10566],[-90.10829,42.15378],[-90.14496,42.18586],[-90.19537,42.18816],[-90.25036,42.2019],[-90.2412,42.25461],[-90.30078,42.27752],[-90.28703,42.35772],[-90.3214,42.41272],[-90.31452,42.45397],[-90.38327,42.47459],[-90.38416,42.50712],[-90.07846,42.50836],[-89.68999,42.50524],[-88.78831,42.49194],[-88.63691,42.49504],[-88.11361,42.49578],[-87.80348,42.49261],[-87.80343,42.4881],[-87.80076,42.48759],[-87.80556,42.4836],[-87.79908,42.48327],[-87.79684,42.46895],[-87.80374,42.43483],[-87.80467,42.38478],[-87.81351,42.3824],[-87.80684,42.38268],[-87.81419,42.37086],[-87.81693,42.3622],[-87.81473,42.36136],[-87.82089,42.36166],[-87.82301,42.36835],[-87.82227,42.36467],[-87.82529,42.36533],[-87.82323,42.36357],[-87.82675,42.33835],[-87.83202,42.3261],[-87.82918,42.31178],[-87.83597,42.3093],[-87.83226,42.30766],[-87.83382,42.29395],[-87.82845,42.26991],[-87.81789,42.25123],[-87.81165,42.229],[-87.80154,42.20943],[-87.74109,42.12726],[-87.71265,42.09673],[-87.67992,42.0788],[-87.68201,42.07507],[-87.6732,42.0607],[-87.66956,42.05971],[-87.66924,42.0522],[-87.6711,42.05665],[-87.67392,42.05469],[-87.67108,42.05259],[-87.67217,42.0448],[-87.66931,42.04129],[-87.66847,42.02859],[-87.66093,42.01218],[-87.65503,42.00689],[-87.65718,42.00447],[-87.65485,41.98959],[-87.64927,41.9864],[-87.65054,41.981],[-87.64603,41.97783],[-87.64302,41.96869],[-87.63209,41.96523],[-87.63084,41.96864],[-87.63095,41.96283],[-87.63695,41.95938],[-87.6416,41.96036],[-87.64142,41.95621],[-87.63297,41.94255],[-87.62775,41.91733],[-87.62013,41.91455],[-87.62091,41.91313],[-87.62454,41.91153],[-87.62518,41.9102],[-87.62368,41.90432],[-87.61385,41.89313],[-87.61031,41.89626],[-87.6024,41.89638],[-87.6024,41.89334],[-87.60982,41.89222],[-87.59862,41.89224],[-87.61733,41.89051],[-87.61733,41.8902],[-87.61267,41.89023],[-87.61222,41.88729],[-87.61644,41.88202],[-87.61618,41.86897],[-87.60555,41.8665],[-87.60654,41.85333],[-87.61064,41.85306],[-87.60792,41.84136],[-87.60411,41.83984],[-87.60481,41.83376],[-87.58002,41.80388],[-87.5797,41.79831],[-87.57524,41.79654],[-87.57951,41.79344],[-87.57657,41.78862],[-87.58051,41.78699],[-87.57726,41.78822],[-87.576,41.7838],[-87.56956,41.7814],[-87.57298,41.77924],[-87.5594,41.76927],[-87.55943,41.76437],[-87.54932,41.75912],[-87.54366,41.7601],[-87.54047,41.75719],[-87.54324,41.7523],[-87.53075,41.74806],[-87.52936,41.74139],[-87.53955,41.74048],[-87.52979,41.74057],[-87.52946,41.73238],[-87.52455,41.7238],[-87.52455,41.71742],[-87.52834,41.71567],[-87.52513,41.71332],[-87.52815,41.71098],[-87.52449,41.70877],[-87.52614,40.93476],[-87.75986,40.93788],[-87.85694,40.97976],[-88.13136,40.97605],[-88.12915,40.82938],[-88.24162,40.83016],[-88.24476,40.92205],[-88.32903,40.91885],[-88.32712,40.66948],[-88.38994,40.66567],[-88.38724,40.61728],[-88.5745,40.61655],[-88.57518,40.67048],[-88.58236,40.67076],[-88.58428,40.75762],[-88.71299,40.75628],[-88.71545,40.82557],[-88.93053,40.82595],[-88.92934,40.75331],[-88.98689,40.75228],[-88.98472,40.66504]]]}},{"type":"Feature","properties":{"aid":"cps","eia_id":"16604","name":"CITY OF SAN ANTONIO - (TX)","type":"MUNICIPAL"},"geometry":{"type":"MultiPolygon","coordinates":[[[[-98.41728,29.68646],[-98.41772,29.68575],[-98.41967,29.6868],[-98.41728,29.68646]]],[[[-98.31371,29.45747],[-98.31806,29.45623],[-98.31653,29.45843],[-98.31371,29.45747]]],[[[-98.66124,29.37397],[-98.66179,29.37739],[-98.65775,29.37873],[-98.65829,29.37362],[-98.66124,29.37397]]],[[[-98.1913,29.65162],[-98.19665,29.64846],[-98.19679,29.64866],[-98.18874,29.6532],[-98.1913,29.65162]]],[[[-98.73212,29.37607],[-98.73863,29.37555],[-98.74041,29.38258],[-98.73337,29.38515],[-98.73212,29.37607]]],[[[-98.10425,29.75562],[-98.1051,29.76575],[-98.10193,29.7678],[-98.0984,29.76484],[-98.10392,29.76254],[-98.10035,29.74635],[-98.10425,29.75562]]],[[[-98.17671,29.64679],[-98.18001,29.64543],[-98.18231,29.64982],[-98.18517,29.64498],[-98.18874,29.6532],[-98.18289,29.65753],[-98.17671,29.64679]]],[[[-98.39516,29.28987],[-98.39722,29.28186],[-98.41198,29.2913],[-98.39516,29.28987]]],[[[-98.1389,29.56843],[-98.13702,29.56225],[-98.13963,29.56104],[-98.14492,29.56763],[-98.14554,29.57056],[-98.13157,29.57288],[-98.1389,29.56843]]],[[[-98.64114,29.29005],[-98.64114,29.27938],[-98.65038,29.28019],[-98.65052,29.27683],[-98.65389,29.27678],[-98.65396,29.28445],[-98.63736,29.29293],[-98.64114,29.29005]]],[[[-98.79107,29.42344],[-98.80501,29.42951],[-98.80262,29.44756],[-98.79131,29.43963],[-98.79107,29.42344]]],[[[-98.20797,29.64151],[-98.22256,29.63426],[-98.19679,29.64866],[-98.20797,29.64151]]],[[[-98.44018,29.73617],[-98.43791,29.74124],[-98.45598,29.74443],[-98.45307,29.74459],[-98.45115,29.7555],[-98.45344,29.7559],[-98.4508,29.76441],[-98.44615,29.76573],[-98.44979,29.77206],[-98.44106,29.76721],[-98.44188,29.77186],[-98.43693,29.77567],[-98.4282,29.77429],[-98.42616,29.77686],[-98.42754,29.77012],[-98.43947,29.77222],[-98.44139,29.74345],[-98.43571,29.74266],[-98.4393,29.73601],[-98.44018,29.73617]]],[[[-98.6548,29.72795],[-98.65986,29.73111],[-98.657,29.74354],[-98.66154,29.75607],[-98.66114,29.76],[-98.65765,29.76],[-98.6576,29.7714],[-98.62533,29.77055],[-98.62715,29.76755],[-98.63363,29.76762],[-98.65142,29.77112],[-98.6417,29.76147],[-98.63941,29.75295],[-98.63558,29.75396],[-98.64613,29.74519],[-98.64541,29.7419],[-98.64016,29.74033],[-98.62335,29.74394],[-98.62362,29.72034],[-98.62847,29.72055],[-98.62964,29.7311],[-98.63705,29.73108],[-98.63402,29.72599],[-98.64606,29.72057],[-98.6446,29.71493],[-98.65025,29.71846],[-98.65217,29.72546],[-98.65374,29.72521],[-98.65682,29.72341],[-98.65781,29.72297],[-98.65913,29.72264],[-98.65288,29.71909],[-98.65209,29.71477],[-98.65703,29.71221],[-98.66549,29.71976],[-98.66179,29.72289],[-98.65827,29.7229],[-98.6548,29.72795]]],[[[-98.39979,29.31388],[-98.40348,29.31747],[-98.39982,29.32954],[-98.38848,29.34266],[-98.35174,29.31938],[-98.37335,29.2991],[-98.35542,29.2907],[-98.36321,29.29144],[-98.39768,29.31159],[-98.39433,29.30794],[-98.40204,29.31034],[-98.40626,29.3157],[-98.39979,29.31388]]],[[[-98.18505,29.65657],[-98.19532,29.65833],[-98.19592,29.65984],[-98.18046,29.66628],[-98.17916,29.66345],[-98.17612,29.66431],[-98.15853,29.67968],[-98.16463,29.68137],[-98.16344,29.6898],[-98.16914,29.69405],[-98.16587,29.6973],[-98.18178,29.70997],[-98.16634,29.71989],[-98.17444,29.72134],[-98.17495,29.72568],[-98.18188,29.72376],[-98.17829,29.72103],[-98.19148,29.71383],[-98.18883,29.70996],[-98.19395,29.70656],[-98.19652,29.70958],[-98.19157,29.71381],[-98.1978,29.71615],[-98.19652,29.71959],[-98.18572,29.72537],[-98.19031,29.7289],[-98.19455,29.72496],[-98.20815,29.73668],[-98.21173,29.73406],[-98.21498,29.73764],[-98.20992,29.74094],[-98.18903,29.72908],[-98.17426,29.73858],[-98.1709,29.73501],[-98.178,29.72984],[-98.17408,29.72689],[-98.16738,29.73117],[-98.15409,29.71762],[-98.14047,29.7259],[-98.11838,29.72949],[-98.11178,29.74305],[-98.12658,29.73573],[-98.1108,29.74489],[-98.10911,29.74261],[-98.10035,29.74635],[-98.08774,29.73707],[-98.07664,29.74693],[-98.08306,29.75253],[-98.08073,29.75871],[-98.07174,29.76356],[-98.05867,29.74829],[-98.05537,29.75061],[-98.05802,29.7469],[-98.04812,29.73725],[-98.0735,29.71363],[-98.06722,29.70809],[-98.06286,29.71175],[-98.0598,29.70892],[-98.07067,29.69957],[-98.06752,29.69671],[-98.06438,29.69935],[-98.05796,29.69403],[-98.0618,29.69143],[-98.06481,29.69361],[-98.07006,29.6887],[-98.05517,29.66998],[-98.0456,29.67799],[-98.04274,29.67101],[-98.03539,29.67703],[-98.03125,29.67315],[-98.03875,29.66707],[-98.04224,29.67086],[-98.04972,29.66232],[-98.02961,29.6337],[-98.03777,29.62516],[-98.02709,29.62091],[-98.02769,29.61371],[-98.02393,29.6071],[-98.02377,29.59768],[-98.03718,29.5969],[-98.03588,29.59266],[-98.03303,29.59383],[-98.03633,29.59001],[-98.03315,29.58384],[-98.04468,29.57941],[-98.04688,29.58137],[-98.04226,29.58472],[-98.04322,29.58844],[-98.049,29.59009],[-98.03934,29.59226],[-98.04643,29.59486],[-98.0435,29.59925],[-98.0462,29.60809],[-98.05236,29.6051],[-98.07464,29.6432],[-98.08316,29.63786],[-98.07563,29.64443],[-98.0891,29.66032],[-98.09532,29.65476],[-98.09816,29.65716],[-98.08998,29.66138],[-98.09435,29.6655],[-98.11548,29.64684],[-98.13073,29.65666],[-98.13419,29.66404],[-98.13556,29.65972],[-98.14247,29.66012],[-98.12792,29.66716],[-98.13245,29.67012],[-98.13877,29.66739],[-98.14429,29.67374],[-98.1549,29.66345],[-98.15313,29.66017],[-98.16537,29.65538],[-98.16984,29.66316],[-98.18289,29.65753],[-98.18505,29.65657]]],[[[-98.43239,29.30281],[-98.44239,29.31166],[-98.44249,29.30824],[-98.43992,29.30815],[-98.44646,29.3012],[-98.43905,29.2945],[-98.44092,29.29083],[-98.43453,29.28536],[-98.43715,29.28202],[-98.43515,29.2751],[-98.4321,29.27412],[-98.43873,29.26557],[-98.45936,29.27114],[-98.46239,29.26106],[-98.46175,29.27107],[-98.47266,29.30475],[-98.47223,29.25664],[-98.47014,29.2563],[-98.47251,29.25641],[-98.47277,29.294],[-98.47611,29.29398],[-98.47931,29.30317],[-98.47301,29.30686],[-98.47686,29.31886],[-98.4814,29.32092],[-98.50127,29.31961],[-98.50227,29.3113],[-98.50346,29.31819],[-98.53262,29.31969],[-98.53521,29.30765],[-98.5398,29.3097],[-98.53982,29.31305],[-98.54062,29.30959],[-98.54399,29.3109],[-98.54302,29.31976],[-98.55312,29.31936],[-98.55451,29.31169],[-98.54947,29.30874],[-98.54732,29.29751],[-98.55511,29.29211],[-98.55811,29.29242],[-98.55608,29.30402],[-98.57342,29.30983],[-98.57279,29.31347],[-98.56841,29.31104],[-98.5701,29.32735],[-98.58563,29.32968],[-98.60647,29.31879],[-98.61419,29.32005],[-98.63808,29.29435],[-98.62042,29.31544],[-98.61845,29.31741],[-98.61472,29.32019],[-98.62451,29.33873],[-98.63887,29.32807],[-98.64194,29.3312],[-98.64639,29.35045],[-98.64491,29.36061],[-98.65625,29.35787],[-98.6498,29.36104],[-98.65786,29.37211],[-98.65225,29.37292],[-98.65381,29.38058],[-98.64871,29.37747],[-98.65742,29.39275],[-98.70722,29.38008],[-98.70726,29.36081],[-98.72483,29.36355],[-98.7263,29.37655],[-98.70095,29.38203],[-98.70255,29.39539],[-98.70436,29.39133],[-98.70847,29.39092],[-98.71026,29.39827],[-98.7126,29.39799],[-98.7117,29.40476],[-98.7152,29.4025],[-98.71663,29.40855],[-98.72661,29.40692],[-98.72802,29.41102],[-98.7353,29.41101],[-98.73754,29.42962],[-98.74915,29.42935],[-98.76043,29.4216],[-98.76134,29.42147],[-98.76229,29.42146],[-98.77785,29.42135],[-98.77795,29.42561],[-98.76134,29.42151],[-98.75442,29.42598],[-98.75527,29.43634],[-98.76171,29.43625],[-98.76178,29.44007],[-98.76595,29.44204],[-98.75153,29.44436],[-98.75457,29.45193],[-98.75746,29.45057],[-98.76195,29.45476],[-98.76885,29.45171],[-98.77833,29.45882],[-98.76687,29.47521],[-98.76341,29.47169],[-98.75676,29.4773],[-98.75684,29.47098],[-98.76058,29.47168],[-98.76262,29.4641],[-98.75643,29.45676],[-98.75089,29.46209],[-98.74159,29.45957],[-98.72981,29.46183],[-98.73427,29.47052],[-98.74222,29.46894],[-98.74501,29.47333],[-98.74206,29.47495],[-98.74415,29.49032],[-98.73507,29.50721],[-98.75799,29.51623],[-98.75139,29.52934],[-98.75197,29.535],[-98.76523,29.53959],[-98.76265,29.54473],[-98.74834,29.5354],[-98.75048,29.53091],[-98.74549,29.53658],[-98.71971,29.52629],[-98.7115,29.54046],[-98.72343,29.54568],[-98.71155,29.56622],[-98.71663,29.56882],[-98.71648,29.57669],[-98.70799,29.57852],[-98.70212,29.57452],[-98.70298,29.57921],[-98.70926,29.5796],[-98.70993,29.58693],[-98.71952,29.59065],[-98.72376,29.60454],[-98.71482,29.60332],[-98.71068,29.59835],[-98.70703,29.59949],[-98.69571,29.5881],[-98.68824,29.57538],[-98.68754,29.5645],[-98.68554,29.58038],[-98.67667,29.5872],[-98.6621,29.58348],[-98.66209,29.59229],[-98.66479,29.59268],[-98.65438,29.60055],[-98.65794,29.60245],[-98.65382,29.60621],[-98.64811,29.60657],[-98.64784,29.60743],[-98.64815,29.61053],[-98.65073,29.61724],[-98.63446,29.62917],[-98.64892,29.63605],[-98.63816,29.64594],[-98.64273,29.64668],[-98.64258,29.65018],[-98.63772,29.65198],[-98.64359,29.65363],[-98.6304,29.65938],[-98.63689,29.66613],[-98.65065,29.66812],[-98.66699,29.65428],[-98.6702,29.6571],[-98.66903,29.66057],[-98.67649,29.65952],[-98.6773,29.66938],[-98.67093,29.66643],[-98.66709,29.66879],[-98.66002,29.66704],[-98.66007,29.67389],[-98.65686,29.67508],[-98.67442,29.68097],[-98.67479,29.68907],[-98.69107,29.70781],[-98.6931,29.7142],[-98.69035,29.71459],[-98.69095,29.71877],[-98.68181,29.71993],[-98.67498,29.717],[-98.67312,29.72547],[-98.67964,29.72839],[-98.68729,29.73849],[-98.6646,29.71831],[-98.65689,29.70704],[-98.65709,29.7],[-98.66474,29.69932],[-98.66583,29.69628],[-98.64999,29.69609],[-98.6362,29.67616],[-98.63906,29.68079],[-98.63691,29.68304],[-98.64361,29.69216],[-98.63152,29.69229],[-98.63145,29.67684],[-98.61631,29.67665],[-98.61635,29.66831],[-98.6087,29.66804],[-98.60887,29.64876],[-98.59894,29.64875],[-98.59886,29.64306],[-98.59212,29.64311],[-98.5923,29.63175],[-98.59683,29.63159],[-98.5926,29.63585],[-98.5948,29.63937],[-98.60825,29.63065],[-98.60735,29.62009],[-98.60892,29.62273],[-98.60015,29.59887],[-98.602,29.59107],[-98.57935,29.59345],[-98.56385,29.59969],[-98.55603,29.59037],[-98.55098,29.59665],[-98.5492,29.58921],[-98.55214,29.58346],[-98.54093,29.59187],[-98.54051,29.60218],[-98.55405,29.60392],[-98.55138,29.60756],[-98.55823,29.61374],[-98.55644,29.62237],[-98.55966,29.62933],[-98.51883,29.62693],[-98.52327,29.67805],[-98.52121,29.70121],[-98.52124,29.69745],[-98.51805,29.69707],[-98.51768,29.70732],[-98.48707,29.70829],[-98.47211,29.71531],[-98.46822,29.71328],[-98.47003,29.70869],[-98.47903,29.70358],[-98.4826,29.70526],[-98.47913,29.69563],[-98.45425,29.69586],[-98.4526,29.69361],[-98.45009,29.70745],[-98.4393,29.73601],[-98.44208,29.72273],[-98.44673,29.71359],[-98.44309,29.71104],[-98.43727,29.71327],[-98.43746,29.70163],[-98.43436,29.69931],[-98.44033,29.69442],[-98.44166,29.68164],[-98.42951,29.68393],[-98.42667,29.68074],[-98.42297,29.68726],[-98.42085,29.68089],[-98.4267,29.68059],[-98.42509,29.6789],[-98.42087,29.67871],[-98.41291,29.66287],[-98.41863,29.66258],[-98.40684,29.66188],[-98.39755,29.66578],[-98.38635,29.65904],[-98.39055,29.64295],[-98.3963,29.64408],[-98.39412,29.64062],[-98.39783,29.63564],[-98.39486,29.63061],[-98.40234,29.62684],[-98.40741,29.63448],[-98.40592,29.64159],[-98.42466,29.64185],[-98.42484,29.64051],[-98.42365,29.63332],[-98.41157,29.6374],[-98.41223,29.63024],[-98.42331,29.63103],[-98.41837,29.60127],[-98.36327,29.6034],[-98.35651,29.59975],[-98.35133,29.59205],[-98.32869,29.60384],[-98.32866,29.60824],[-98.3171,29.61192],[-98.31199,29.61697],[-98.31632,29.62334],[-98.32253,29.6202],[-98.32394,29.62403],[-98.31855,29.62678],[-98.32176,29.63187],[-98.31511,29.63517],[-98.32033,29.643],[-98.32657,29.64003],[-98.32335,29.6456],[-98.3031,29.65332],[-98.30053,29.64986],[-98.30387,29.64307],[-98.28056,29.60617],[-98.24394,29.62091],[-98.22256,29.63426],[-98.22025,29.62961],[-98.2136,29.63204],[-98.21137,29.61974],[-98.22126,29.61442],[-98.21972,29.6119],[-98.22376,29.60896],[-98.226,29.61172],[-98.22911,29.61016],[-98.21378,29.58866],[-98.20788,29.59294],[-98.2065,29.59108],[-98.20715,29.58634],[-98.21281,29.58402],[-98.20118,29.56711],[-98.20894,29.56316],[-98.18936,29.56473],[-98.20072,29.5803],[-98.19892,29.58123],[-98.19712,29.57851],[-98.19026,29.57963],[-98.19595,29.57675],[-98.19185,29.57049],[-98.16951,29.58094],[-98.16567,29.57508],[-98.16225,29.57518],[-98.16191,29.57156],[-98.14444,29.58165],[-98.14106,29.57513],[-98.13574,29.57536],[-98.13517,29.57254],[-98.14537,29.57116],[-98.14625,29.57386],[-98.14989,29.57011],[-98.16188,29.56804],[-98.16398,29.57252],[-98.1712,29.57118],[-98.17353,29.57492],[-98.16798,29.57728],[-98.16971,29.57971],[-98.18162,29.57385],[-98.17607,29.56588],[-98.20057,29.56349],[-98.19765,29.5608],[-98.1995,29.55993],[-98.20177,29.56339],[-98.20887,29.56291],[-98.20871,29.55987],[-98.21108,29.56208],[-98.21465,29.56028],[-98.21388,29.55661],[-98.21756,29.56222],[-98.22896,29.55732],[-98.23487,29.56027],[-98.22711,29.56163],[-98.24274,29.5601],[-98.24245,29.55695],[-98.24857,29.55527],[-98.25048,29.55015],[-98.24776,29.54589],[-98.25538,29.5405],[-98.25215,29.53423],[-98.25555,29.53911],[-98.27363,29.54427],[-98.27108,29.5458],[-98.27649,29.54922],[-98.2852,29.54458],[-98.27952,29.5413],[-98.27598,29.53625],[-98.27791,29.53524],[-98.27076,29.52817],[-98.27573,29.52823],[-98.27409,29.52571],[-98.28103,29.52299],[-98.29019,29.53877],[-98.28753,29.5435],[-98.29883,29.5366],[-98.30058,29.53312],[-98.28834,29.51494],[-98.28847,29.50382],[-98.28428,29.50596],[-98.2772,29.50416],[-98.27881,29.49925],[-98.28874,29.50192],[-98.29059,29.49151],[-98.30947,29.49933],[-98.31641,29.46135],[-98.30811,29.46258],[-98.304,29.46896],[-98.30108,29.46759],[-98.3051,29.46231],[-98.36074,29.44758],[-98.35907,29.44575],[-98.38496,29.43686],[-98.38481,29.42773],[-98.38861,29.42774],[-98.38829,29.42385],[-98.3607,29.42494],[-98.36074,29.42117],[-98.37148,29.42236],[-98.37538,29.41734],[-98.37795,29.41723],[-98.37753,29.42237],[-98.38832,29.42309],[-98.38864,29.39831],[-98.36082,29.39819],[-98.36082,29.39202],[-98.34748,29.38848],[-98.34767,29.39388],[-98.35013,29.39449],[-98.34349,29.40576],[-98.33924,29.40828],[-98.34146,29.40046],[-98.3344,29.39871],[-98.33823,29.38551],[-98.36082,29.39173],[-98.36841,29.3949],[-98.37006,29.38528],[-98.36665,29.38168],[-98.37006,29.38128],[-98.36083,29.37962],[-98.36079,29.36394],[-98.31452,29.35278],[-98.34246,29.35836],[-98.36079,29.36324],[-98.36786,29.36423],[-98.39431,29.37218],[-98.40604,29.33757],[-98.41375,29.3297],[-98.40626,29.3157],[-98.41333,29.32523],[-98.4169,29.32584],[-98.42016,29.322],[-98.42625,29.32448],[-98.43293,29.32269],[-98.43292,29.31842],[-98.43669,29.3184],[-98.43224,29.3142],[-98.43111,29.30228],[-98.41949,29.2981],[-98.41198,29.2913],[-98.43239,29.30281]]]]}},{"type":"Feature","properties":{"aid":"dominion_va","eia_id":"19876","name":"VIRGINIA ELECTRIC & POWER CO","type":"INVESTOR OWNED"},"geometry":{"type":"MultiPolygon","coordinates":[[[[-75.72398,35.92708],[-75.72405,35.92718],[-75.72364,35.92725],[-75.72398,35.92708]]],[[[-75.93247,36.62412],[-75.93236,36.6252],[-75.9319,36.62463],[-75.93247,36.62412]]],[[[-75.89041,36.59241],[-75.89182,36.5924],[-75.89132,36.59304],[-75.89041,36.59241]]],[[[-75.86413,36.24177],[-75.86438,36.24065],[-75.86527,36.24154],[-75.86413,36.24177]]],[[[-75.78158,36.22112],[-75.78171,36.22085],[-75.78296,36.22178],[-75.78158,36.22112]]],[[[-75.85865,36.27831],[-75.85762,36.27736],[-75.85924,36.2776],[-75.85865,36.27831]]],[[[-75.8819,36.48385],[-75.88268,36.4848],[-75.88129,36.48472],[-75.8819,36.48385]]],[[[-75.86756,36.24171],[-75.86739,36.24181],[-75.86768,36.24217],[-75.86583,36.24218],[-75.86756,36.24171]]],[[[-75.78452,36.2427],[-75.78441,36.2421],[-75.78566,36.24264],[-75.78452,36.2427]]],[[[-75.61204,35.88943],[-75.61216,35.89059],[-75.61134,35.88986],[-75.61204,35.88943]]],[[[-75.79578,36.23196],[-75.79694,36.23195],[-75.79577,36.23261],[-75.79578,36.23196]]],[[[-75.9489,36.66679],[-75.94853,36.66739],[-75.948,36.66779],[-75.9489,36.66679]]],[[[-76.37022,37.15312],[-76.37051,37.15187],[-76.37177,37.15297],[-76.37022,37.15312]]],[[[-75.79224,36.2278],[-75.79211,36.22718],[-75.7932,36.22725],[-75.79224,36.2278]]],[[[-75.60291,35.88427],[-75.60272,35.88565],[-75.60174,35.88526],[-75.60291,35.88427]]],[[[-76.60555,37.11089],[-76.60596,37.1113],[-76.60478,37.11153],[-76.60555,37.11089]]],[[[-75.82053,36.25114],[-75.81902,36.25124],[-75.82014,36.25023],[-75.82053,36.25114]]],[[[-75.55653,35.80807],[-75.55587,35.8078],[-75.55588,35.80707],[-75.55798,35.80738],[-75.55653,35.80807]]],[[[-75.5595,35.79509],[-75.56055,35.79512],[-75.55943,35.79559],[-75.5595,35.79509]]],[[[-75.81588,36.25471],[-75.81721,36.25382],[-75.81638,36.25533],[-75.81588,36.25471]]],[[[-75.61249,35.91599],[-75.61351,35.91688],[-75.61231,35.91741],[-75.61249,35.91599]]],[[[-75.79667,36.21463],[-75.79526,36.21466],[-75.79519,36.21318],[-75.79667,36.21463]]],[[[-75.79198,36.22662],[-75.79129,36.22759],[-75.79125,36.22617],[-75.79198,36.22662]]],[[[-75.84535,36.41151],[-75.8435,36.41124],[-75.84618,36.41114],[-75.84535,36.41151]]],[[[-75.57436,35.81847],[-75.57469,35.81729],[-75.57597,35.81869],[-75.57436,35.81847]]],[[[-75.81592,36.28284],[-75.81567,36.28435],[-75.81422,36.2838],[-75.81592,36.28284]]],[[[-75.80865,36.2406],[-75.80962,36.23901],[-75.80943,36.23997],[-75.80865,36.2406]]],[[[-75.88499,36.44166],[-75.88591,36.43988],[-75.88548,36.44174],[-75.88499,36.44166]]],[[[-75.80022,36.22075],[-75.79977,36.22038],[-75.80128,36.21987],[-75.80022,36.22075]]],[[[-75.78953,36.22844],[-75.79073,36.22906],[-75.78904,36.22991],[-75.78953,36.22844]]],[[[-75.8616,36.38771],[-75.86068,36.38799],[-75.86122,36.3864],[-75.8616,36.38771]]],[[[-75.57924,35.77825],[-75.57953,35.77922],[-75.57761,35.77985],[-75.57924,35.77825]]],[[[-75.8205,36.2915],[-75.82018,36.29183],[-75.81933,36.29047],[-75.8205,36.2915]]],[[[-75.8965,36.55143],[-75.89771,36.55115],[-75.897,36.55244],[-75.8965,36.55143]]],[[[-75.7932,36.23305],[-75.79305,36.23412],[-75.79108,36.23439],[-75.7932,36.23305]]],[[[-75.62227,35.81591],[-75.62121,35.81623],[-75.62163,35.8145],[-75.62227,35.81591]]],[[[-75.87054,36.46579],[-75.8727,36.46453],[-75.87246,36.46586],[-75.87054,36.46579]]],[[[-75.78711,36.21876],[-75.78523,36.21877],[-75.78609,36.21745],[-75.78711,36.21876]]],[[[-75.56689,35.81583],[-75.56813,35.81526],[-75.56937,35.81523],[-75.56689,35.81583]]],[[[-75.93824,36.61932],[-75.93592,36.61821],[-75.93789,36.61866],[-75.93824,36.61932]]],[[[-75.60523,35.8479],[-75.60438,35.84873],[-75.60368,35.84852],[-75.60506,35.84658],[-75.60523,35.8479]]],[[[-75.60313,35.88995],[-75.60359,35.88993],[-75.60398,35.89143],[-75.60313,35.88995]]],[[[-75.87097,36.40426],[-75.8713,36.40594],[-75.86981,36.40409],[-75.87097,36.40426]]],[[[-75.9541,36.63271],[-75.95515,36.6317],[-75.95563,36.63254],[-75.9541,36.63271]]],[[[-75.78915,36.24057],[-75.78773,36.24033],[-75.789,36.23888],[-75.78915,36.24057]]],[[[-75.56319,35.77664],[-75.56361,35.77643],[-75.56414,35.77836],[-75.56319,35.77664]]],[[[-75.86565,36.44167],[-75.86592,36.44362],[-75.86465,36.44333],[-75.86565,36.44167]]],[[[-75.95697,36.56481],[-75.95821,36.56363],[-75.95964,36.56458],[-75.95697,36.56481]]],[[[-75.91789,36.6673],[-75.91876,36.6673],[-75.91798,36.66823],[-75.91594,36.66858],[-75.91789,36.6673]]],[[[-75.86378,36.44159],[-75.86172,36.44146],[-75.86404,36.44058],[-75.86378,36.44159]]],[[[-75.6239,35.81896],[-75.62272,35.81989],[-75.62311,35.81801],[-75.6239,35.81896]]],[[[-75.61479,35.91193],[-75.61205,35.91074],[-75.61441,35.91058],[-75.61479,35.91193]]],[[[-75.57973,35.80132],[-75.57802,35.79931],[-75.58023,35.80014],[-75.57973,35.80132]]],[[[-75.78662,36.23995],[-75.7876,36.24175],[-75.78614,36.24013],[-75.78662,36.23995]]],[[[-75.88028,36.46086],[-75.87958,36.46166],[-75.87768,36.46235],[-75.88028,36.46086]]],[[[-75.78456,36.21899],[-75.78516,36.21939],[-75.78545,36.2205],[-75.78456,36.21899]]],[[[-75.62214,35.80522],[-75.62055,35.80619],[-75.62124,35.80385],[-75.62214,35.80522]]],[[[-75.80692,36.24927],[-75.80702,36.24881],[-75.80811,36.24833],[-75.81075,36.2486],[-75.80898,36.24957],[-75.8076,36.24873],[-75.80692,36.24927]]],[[[-76.59554,37.10226],[-76.59785,37.10416],[-76.59599,37.10355],[-76.59554,37.10226]]],[[[-75.56242,35.79449],[-75.56305,35.79369],[-75.56569,35.79496],[-75.56242,35.79449]]],[[[-75.8116,36.28357],[-75.81145,36.28294],[-75.81239,36.28405],[-75.8116,36.28357]]],[[[-75.85244,36.2914],[-75.85172,36.29165],[-75.85112,36.28991],[-75.85244,36.2914]]],[[[-75.88543,36.49012],[-75.88428,36.49031],[-75.88385,36.48804],[-75.88543,36.49012]]],[[[-75.55855,35.77655],[-75.55911,35.77673],[-75.5585,35.77867],[-75.55855,35.77655]]],[[[-75.5659,35.77609],[-75.56823,35.77683],[-75.56659,35.77821],[-75.5659,35.77609]]],[[[-75.56045,35.8032],[-75.56238,35.80191],[-75.56113,35.8036],[-75.56045,35.8032]]],[[[-75.8473,36.37682],[-75.84631,36.37659],[-75.8466,36.37614],[-75.84915,36.37479],[-75.8473,36.37682]]],[[[-75.92892,36.61325],[-75.92904,36.61228],[-75.93102,36.61166],[-75.92892,36.61325]]],[[[-75.82742,36.26837],[-75.82936,36.26651],[-75.82767,36.26949],[-75.82742,36.26837]]],[[[-75.61019,35.89385],[-75.60977,35.8929],[-75.61201,35.89361],[-75.61019,35.89385]]],[[[-75.92456,36.65715],[-75.92616,36.65442],[-75.92476,36.65735],[-75.92456,36.65715]]],[[[-75.55293,35.79794],[-75.55354,35.79612],[-75.55525,35.79709],[-75.55293,35.79794]]],[[[-75.81731,36.28602],[-75.81524,36.28737],[-75.81618,36.28527],[-75.81731,36.28602]]],[[[-75.88879,36.57092],[-75.88747,36.57027],[-75.88953,36.56868],[-75.88879,36.57092]]],[[[-75.78523,36.24119],[-75.78495,36.2388],[-75.787,36.23899],[-75.78523,36.24119]]],[[[-75.80576,36.24336],[-75.80507,36.2421],[-75.80562,36.2414],[-75.80621,36.24099],[-75.8074,36.24054],[-75.8053,36.24192],[-75.80576,36.24336]]],[[[-75.55864,35.80198],[-75.55958,35.80126],[-75.56036,35.80278],[-75.55864,35.80198]]],[[[-76.30031,36.39816],[-76.2999,36.39581],[-76.29894,36.39463],[-76.30042,36.39553],[-76.30031,36.39816]]],[[[-75.80908,36.2476],[-75.80901,36.24636],[-75.8117,36.24599],[-75.80908,36.2476]]],[[[-76.06311,36.66977],[-76.06265,36.66931],[-76.06256,36.66702],[-76.06479,36.66786],[-76.06311,36.66977]]],[[[-75.52116,35.27163],[-75.52147,35.27333],[-75.52061,35.27428],[-75.52116,35.27163]]],[[[-75.66182,35.82423],[-75.66093,35.82495],[-75.65889,35.82317],[-75.66182,35.82423]]],[[[-75.86726,36.44875],[-75.86834,36.44876],[-75.86863,36.45247],[-75.86726,36.44875]]],[[[-75.86557,36.23774],[-75.86567,36.2382],[-75.86613,36.23856],[-75.86468,36.24043],[-75.86557,36.23774]]],[[[-75.94379,36.65526],[-75.94414,36.65558],[-75.94334,36.6564],[-75.94173,36.65671],[-75.94379,36.65526]]],[[[-75.55848,35.80681],[-75.55938,35.80787],[-75.55759,35.80678],[-75.55446,35.80684],[-75.55624,35.80649],[-75.55848,35.80681]]],[[[-75.92284,36.58665],[-75.92466,36.58808],[-75.92336,36.59068],[-75.92284,36.58665]]],[[[-75.64148,35.81827],[-75.64046,35.82008],[-75.64057,35.81842],[-75.64148,35.81827]]],[[[-75.91307,36.64876],[-75.91417,36.64755],[-75.91809,36.64745],[-75.91307,36.64876]]],[[[-75.881,36.4829],[-75.87986,36.48354],[-75.87859,36.48064],[-75.881,36.4829]]],[[[-75.89702,36.47189],[-75.89708,36.47387],[-75.89564,36.47161],[-75.89702,36.47189]]],[[[-75.52322,35.28112],[-75.52257,35.28119],[-75.52195,35.2808],[-75.52044,35.27837],[-75.52322,35.28112]]],[[[-75.8196,36.25368],[-75.81875,36.25642],[-75.81781,36.25483],[-75.81915,36.25175],[-75.8196,36.25368]]],[[[-76.11407,36.963],[-76.1129,36.9666],[-76.11346,36.9631],[-76.11407,36.963]]],[[[-76.10683,36.98066],[-76.10551,36.98428],[-76.10605,36.98087],[-76.10683,36.98066]]],[[[-75.88092,36.46292],[-75.88007,36.46194],[-75.88311,36.46102],[-75.88092,36.46292]]],[[[-75.80618,36.25165],[-75.80426,36.2504],[-75.80761,36.24922],[-75.80618,36.25165]]],[[[-75.87085,36.43898],[-75.87115,36.44009],[-75.87044,36.44384],[-75.87085,36.43898]]],[[[-75.84805,36.37814],[-75.84797,36.37998],[-75.84453,36.37772],[-75.84805,36.37814]]],[[[-75.56348,35.77589],[-75.56497,35.77567],[-75.56581,35.77915],[-75.56348,35.77589]]],[[[-76.21897,36.34437],[-76.22187,36.34363],[-76.2233,36.34554],[-76.21897,36.34437]]],[[[-76.36014,37.15715],[-76.35983,37.15797],[-76.35893,37.15779],[-76.35725,37.1554],[-76.36014,37.15715]]],[[[-76.30125,37.12793],[-76.30531,37.12752],[-76.3036,37.12956],[-76.30125,37.12793]]],[[[-75.96259,36.63164],[-75.96182,36.63348],[-75.95723,36.63271],[-75.96259,36.63164]]],[[[-75.6584,35.82742],[-75.65747,35.83035],[-75.6568,35.82915],[-75.6584,35.82742]]],[[[-75.96933,36.66249],[-75.9711,36.65904],[-75.96974,36.66333],[-75.96933,36.66249]]],[[[-75.92813,36.67108],[-75.92622,36.67096],[-75.92702,36.66907],[-75.92786,36.66681],[-75.92813,36.67108]]],[[[-75.62105,35.81941],[-75.61851,35.81961],[-75.62192,35.817],[-75.62105,35.81941]]],[[[-75.81385,36.27642],[-75.81302,36.27992],[-75.81275,36.27449],[-75.81385,36.27642]]],[[[-75.88988,36.47895],[-75.89454,36.47995],[-75.88983,36.47978],[-75.88988,36.47895]]],[[[-75.96796,36.55232],[-75.96934,36.55274],[-75.96987,36.55577],[-75.96701,36.55484],[-75.96796,36.55232]]],[[[-75.95403,36.69406],[-75.95476,36.69595],[-75.95164,36.69516],[-75.95403,36.69406]]],[[[-75.96805,36.66589],[-75.96713,36.66275],[-75.96989,36.66457],[-75.96805,36.66589]]],[[[-75.885,36.48569],[-75.88565,36.48742],[-75.88316,36.48783],[-75.88133,36.48591],[-75.885,36.48569]]],[[[-75.56301,35.77549],[-75.56342,35.7782],[-75.56116,35.77811],[-75.55961,35.77597],[-75.56301,35.77549]]],[[[-76.33473,37.15433],[-76.33147,37.15222],[-76.33463,37.15318],[-76.33473,37.15433]]],[[[-76.403,36.94389],[-76.40582,36.94778],[-76.40297,36.944],[-76.403,36.94389]]],[[[-75.61886,35.89307],[-75.62077,35.8929],[-75.62245,35.89499],[-75.61886,35.89307]]],[[[-75.58809,35.81689],[-75.59005,35.81783],[-75.58937,35.81971],[-75.58809,35.81689]]],[[[-75.85342,36.33053],[-75.85039,36.33267],[-75.85006,36.32935],[-75.85342,36.33053]]],[[[-75.80848,36.2407],[-75.80926,36.24179],[-75.8091,36.24416],[-75.80845,36.24462],[-75.80767,36.24413],[-75.80579,36.24205],[-75.80848,36.2407]]],[[[-75.92339,36.67758],[-75.92206,36.67256],[-75.92476,36.67375],[-75.92339,36.67758]]],[[[-75.52175,35.27317],[-75.5242,35.27663],[-75.52098,35.27534],[-75.52175,35.27317]]],[[[-76.31744,36.99928],[-76.32014,37.0023],[-76.31645,37.0],[-76.31744,36.99928]]],[[[-75.78906,36.22168],[-75.78815,36.22438],[-75.78554,36.2217],[-75.78906,36.22168]]],[[[-75.87737,36.45309],[-75.87574,36.45397],[-75.87627,36.4513],[-75.87818,36.45026],[-75.87737,36.45309]]],[[[-75.8569,36.27777],[-75.85844,36.28208],[-75.85571,36.28181],[-75.8569,36.27777]]],[[[-75.88943,36.44881],[-75.88865,36.44614],[-75.89164,36.44554],[-75.88943,36.44881]]],[[[-75.60762,35.88977],[-75.60775,35.89024],[-75.60809,35.89026],[-75.61047,35.88818],[-75.61088,35.89067],[-75.60824,35.89143],[-75.60626,35.8899],[-75.60762,35.88977]]],[[[-75.62804,35.81652],[-75.62929,35.81924],[-75.62388,35.81751],[-75.62804,35.81652]]],[[[-75.87186,36.46645],[-75.87018,36.4687],[-75.86584,36.46796],[-75.87186,36.46645]]],[[[-75.5959,35.26909],[-75.59367,35.26834],[-75.59178,35.26558],[-75.5959,35.26909]]],[[[-76.38879,37.22748],[-76.38515,37.22905],[-76.38606,37.22568],[-76.38879,37.22748]]],[[[-76.32426,37.13997],[-76.32565,37.14302],[-76.32368,37.14247],[-76.32037,37.14116],[-76.32426,37.13997]]],[[[-75.60299,35.8933],[-75.6011,35.8909],[-75.60567,35.89316],[-75.60299,35.8933]]],[[[-75.94827,36.67087],[-75.94595,36.67549],[-75.94676,36.67134],[-75.94611,36.66917],[-75.94827,36.67087]]],[[[-75.92584,36.68117],[-75.92496,36.6828],[-75.92368,36.68117],[-75.92639,36.67789],[-75.92584,36.68117]]],[[[-76.29228,37.12439],[-76.29518,37.12413],[-76.29568,37.1293],[-76.29228,37.12439]]],[[[-75.95464,36.24347],[-75.95775,36.24689],[-75.95621,36.24811],[-75.95464,36.24347]]],[[[-75.8862,36.47151],[-75.8937,36.46976],[-75.89059,36.47156],[-75.8862,36.47151]]],[[[-75.93852,36.62273],[-75.93553,36.62436],[-75.93317,36.62086],[-75.93852,36.62273]]],[[[-76.35989,37.1546],[-76.35555,37.15109],[-76.35857,37.15202],[-76.35989,37.1546]]],[[[-75.80134,36.2416],[-75.79859,36.24548],[-75.79801,36.2451],[-75.79836,36.24406],[-75.79773,36.24166],[-75.80134,36.2416]]],[[[-75.92887,36.62524],[-75.92713,36.62164],[-75.93227,36.62121],[-75.92887,36.62524]]],[[[-75.9485,36.25994],[-75.95045,36.25894],[-75.95216,36.26479],[-75.94886,36.26441],[-75.9485,36.25994]]],[[[-75.96805,36.66942],[-75.96326,36.6705],[-75.96811,36.66602],[-75.96805,36.66942]]],[[[-76.05643,36.6396],[-76.05351,36.63744],[-76.05331,36.63591],[-76.05841,36.63518],[-76.05643,36.6396]]],[[[-75.88602,36.47948],[-75.88352,36.48122],[-75.88414,36.48484],[-75.88165,36.48182],[-75.88602,36.47948]]],[[[-76.33888,37.15294],[-76.33926,37.15486],[-76.34103,37.15547],[-76.33997,37.15562],[-76.341,37.1568],[-76.33482,37.15324],[-76.33888,37.15294]]],[[[-75.62049,35.82325],[-75.61689,35.8226],[-75.61646,35.82598],[-75.61527,35.82311],[-75.61986,35.82081],[-75.62049,35.82325]]],[[[-75.61539,35.89433],[-75.61714,35.88895],[-75.61962,35.89248],[-75.61539,35.89433]]],[[[-76.30492,36.98471],[-76.30217,36.98701],[-76.29961,36.98625],[-76.30206,36.98177],[-76.30492,36.98471]]],[[[-75.60479,35.88385],[-75.60874,35.87806],[-75.60922,35.88133],[-75.60479,35.88385]]],[[[-75.60235,35.84275],[-75.60025,35.83808],[-75.60279,35.83785],[-75.60479,35.84253],[-75.60235,35.84275]]],[[[-75.65262,35.82278],[-75.65754,35.82294],[-75.65637,35.82671],[-75.65462,35.82715],[-75.65387,35.82703],[-75.65111,35.82529],[-75.65262,35.82278]]],[[[-75.81875,36.2572],[-75.81508,36.26043],[-75.81339,36.25737],[-75.81736,36.25489],[-75.81875,36.2572]]],[[[-75.50574,35.68441],[-75.5053,35.68956],[-75.50108,35.68464],[-75.50574,35.68441]]],[[[-75.88733,36.46126],[-75.89271,36.46138],[-75.8885,36.4645],[-75.88552,36.46432],[-75.88733,36.46126]]],[[[-75.80802,36.23356],[-75.81085,36.23492],[-75.80661,36.23899],[-75.80511,36.23653],[-75.80802,36.23356]]],[[[-75.58924,35.76867],[-75.591,35.76241],[-75.59253,35.76799],[-75.58924,35.76867]]],[[[-75.5726,35.77749],[-75.56553,35.77504],[-75.57111,35.7739],[-75.57492,35.77624],[-75.5726,35.77749]]],[[[-75.90975,36.56045],[-75.90569,36.55381],[-75.90946,36.55569],[-75.90975,36.56045]]],[[[-75.81077,36.12811],[-75.80904,36.12953],[-75.80672,36.12312],[-75.81077,36.12811]]],[[[-75.66056,35.83301],[-75.65824,35.8375],[-75.65537,35.83514],[-75.65516,35.83114],[-75.66056,35.83301]]],[[[-76.05461,36.61839],[-76.05639,36.61962],[-76.05261,36.62065],[-76.05672,36.62066],[-76.05129,36.6236],[-76.04997,36.61968],[-76.05461,36.61839]]],[[[-75.88481,36.474],[-75.87984,36.47409],[-75.8836,36.4775],[-75.87998,36.47755],[-75.87711,36.47396],[-75.88481,36.474]]],[[[-76.02543,36.34412],[-76.02602,36.34114],[-76.03234,36.34102],[-76.02543,36.34412]]],[[[-76.05553,36.60734],[-76.05234,36.61055],[-76.04858,36.60543],[-76.05553,36.60734]]],[[[-75.56868,35.80984],[-75.56624,35.80882],[-75.56491,35.81111],[-75.56511,35.81198],[-75.56362,35.80856],[-75.56481,35.80749],[-75.57047,35.80882],[-75.56897,35.81217],[-75.56557,35.81158],[-75.56868,35.80984]]],[[[-75.93059,36.61751],[-75.92602,36.62112],[-75.92509,36.61996],[-75.92871,36.61367],[-75.93059,36.61751]]],[[[-75.8987,36.46509],[-75.89828,36.47155],[-75.89359,36.46659],[-75.8987,36.46509]]],[[[-75.58722,35.77666],[-75.5841,35.77631],[-75.58367,35.77295],[-75.58866,35.77105],[-75.58722,35.77666]]],[[[-75.52366,35.46854],[-75.52605,35.47591],[-75.52117,35.47198],[-75.52366,35.46854]]],[[[-75.73488,36.04648],[-75.73533,36.04923],[-75.73706,36.04991],[-75.73827,36.04976],[-75.73612,36.05254],[-75.7332,36.05014],[-75.73099,36.0463],[-75.73488,36.04648]]],[[[-75.86617,36.44118],[-75.86707,36.43912],[-75.87125,36.44518],[-75.8665,36.44731],[-75.86617,36.44118]]],[[[-75.62127,35.90059],[-75.61508,35.89585],[-75.61896,35.89414],[-75.62243,35.89586],[-75.62127,35.90059]]],[[[-76.60786,37.16002],[-76.61676,37.16156],[-76.6069,37.16498],[-76.61057,37.16086],[-76.60786,37.16002]]],[[[-75.95122,36.64908],[-75.94656,36.65321],[-75.94427,36.64682],[-75.95122,36.64908]]],[[[-75.55686,35.79607],[-75.56321,35.79969],[-75.56293,35.80109],[-75.55307,35.80072],[-75.55686,35.79607]]],[[[-75.9469,36.55781],[-75.95098,36.55644],[-75.9495,36.56061],[-75.95227,36.56094],[-75.95578,36.55789],[-75.95581,36.56136],[-75.9501,36.56204],[-75.9469,36.55781]]],[[[-75.58583,35.81115],[-75.58095,35.80218],[-75.58726,35.80882],[-75.58583,35.81115]]],[[[-75.58316,35.79625],[-75.57404,35.79012],[-75.57831,35.79127],[-75.58316,35.79625]]],[[[-75.92296,36.59318],[-75.92498,36.60245],[-75.91807,36.59783],[-75.92296,36.59318]]],[[[-75.96228,36.67282],[-75.95816,36.66991],[-75.957,36.67276],[-75.95648,36.66902],[-75.96358,36.66748],[-75.96236,36.66956],[-75.96323,36.67076],[-75.96544,36.67094],[-75.965,36.67184],[-75.96193,36.67462],[-75.95914,36.67377],[-75.96228,36.67282]]],[[[-75.66758,35.83305],[-75.66854,35.82874],[-75.67435,35.82972],[-75.66788,35.83399],[-75.66177,35.83384],[-75.66758,35.83305]]],[[[-75.60094,35.88875],[-75.6048,35.88446],[-75.609,35.88305],[-75.60529,35.8854],[-75.6061,35.88584],[-75.60928,35.88444],[-75.61079,35.88728],[-75.60595,35.89005],[-75.60094,35.88875]]],[[[-75.53747,35.76668],[-75.53259,35.76832],[-75.52769,35.76116],[-75.53747,35.76668]]],[[[-75.8743,36.44198],[-75.87525,36.44975],[-75.87144,36.45292],[-75.86935,36.4474],[-75.8743,36.44198]]],[[[-75.95133,36.25855],[-75.95905,36.25965],[-75.95889,36.2651],[-75.95175,36.26743],[-75.95154,36.26679],[-75.95618,36.26391],[-75.95133,36.25855]]],[[[-75.85166,36.42455],[-75.8502,36.42781],[-75.85106,36.42734],[-75.85203,36.42597],[-75.85205,36.42424],[-75.85641,36.42514],[-75.85374,36.42572],[-75.84752,36.43113],[-75.84662,36.4245],[-75.85166,36.42455]]],[[[-75.59739,35.7996],[-75.59806,35.80408],[-75.5895,35.79557],[-75.59739,35.7996]]],[[[-75.87977,36.46642],[-75.88008,36.4719],[-75.86776,36.47178],[-75.87977,36.46642]]],[[[-75.95705,36.6581],[-75.96025,36.66002],[-75.9572,36.662],[-75.96016,36.66699],[-75.95203,36.66336],[-75.95705,36.6581]]],[[[-75.6426,35.81973],[-75.64128,35.81719],[-75.65178,35.82211],[-75.64081,35.82081],[-75.6426,35.81973]]],[[[-75.61903,35.81062],[-75.62203,35.81065],[-75.621,35.80735],[-75.62786,35.81293],[-75.62346,35.81587],[-75.61903,35.81062]]],[[[-75.88434,36.47607],[-75.88757,36.47366],[-75.88486,36.47274],[-75.89339,36.47352],[-75.88852,36.47541],[-75.88881,36.48165],[-75.88525,36.48165],[-75.88673,36.47915],[-75.88434,36.47607]]],[[[-75.87931,36.44191],[-75.87933,36.43713],[-75.88293,36.43748],[-75.87827,36.44881],[-75.87638,36.43654],[-75.87931,36.44191]]],[[[-75.95503,36.66724],[-75.95618,36.66991],[-75.95164,36.67244],[-75.95665,36.67332],[-75.95377,36.67441],[-75.95493,36.67673],[-75.95062,36.67606],[-75.95177,36.68057],[-75.94742,36.67915],[-75.94987,36.6727],[-75.95503,36.66724]]],[[[-76.36775,37.27386],[-76.37343,37.27275],[-76.37491,37.27105],[-76.37083,37.26959],[-76.37445,37.26782],[-76.38467,37.27156],[-76.37962,37.27607],[-76.3756,37.27264],[-76.36775,37.27386]]],[[[-75.94434,36.65851],[-75.94942,36.65607],[-75.94362,36.65651],[-75.94737,36.65266],[-75.95317,36.65842],[-75.9501,36.66281],[-75.95193,36.66611],[-75.94876,36.66464],[-75.9454,36.66855],[-75.94469,36.66664],[-75.94835,36.66216],[-75.94434,36.65851]]],[[[-75.95184,36.57518],[-75.95347,36.5705],[-75.95408,36.57091],[-75.953,36.57213],[-75.95394,36.57403],[-75.96116,36.57185],[-75.96017,36.56841],[-75.95879,36.5687],[-75.96194,36.56598],[-75.96436,36.57205],[-75.95528,36.57561],[-75.95126,36.57565],[-75.94872,36.57147],[-75.95184,36.57518]]],[[[-76.39978,37.21907],[-76.40289,37.21356],[-76.41583,37.22038],[-76.41599,37.22316],[-76.40477,37.22331],[-76.40349,37.22038],[-76.39978,37.21907]]],[[[-75.95682,36.6571],[-75.961,36.65491],[-75.9572,36.65465],[-75.95782,36.65204],[-75.96397,36.65187],[-75.96234,36.65491],[-75.96588,36.65353],[-75.96558,36.65717],[-75.96913,36.65799],[-75.9695,36.66173],[-75.96707,36.66101],[-75.96788,36.66191],[-75.96689,36.66272],[-75.96738,36.66568],[-75.96342,36.65675],[-75.95682,36.6571]]],[[[-76.36626,37.16245],[-76.35948,37.16107],[-76.36285,37.16151],[-76.36014,37.15894],[-76.36273,37.15837],[-76.36028,37.15692],[-76.36218,37.15445],[-76.36742,37.15829],[-76.36891,37.1552],[-76.37291,37.15617],[-76.37369,37.15759],[-76.37106,37.15851],[-76.37396,37.15941],[-76.36934,37.16029],[-76.3719,37.16217],[-76.37447,37.15984],[-76.37466,37.16174],[-76.36404,37.16562],[-76.36626,37.16245]]],[[[-75.69064,35.22366],[-75.68226,35.2291],[-75.68932,35.22553],[-75.69454,35.22091],[-75.68103,35.23361],[-75.68168,35.22702],[-75.69064,35.22366]]],[[[-75.8204,36.26127],[-75.81818,36.25893],[-75.82188,36.25454],[-75.82638,36.26097],[-75.82017,36.26571],[-75.82224,36.27015],[-75.81411,36.26373],[-75.8204,36.26127]]],[[[-76.3938,37.22372],[-76.39148,37.22029],[-76.39879,37.21756],[-76.39383,37.21448],[-76.39568,37.21216],[-76.39522,37.21478],[-76.39996,37.21727],[-76.39935,37.21924],[-76.40271,37.22166],[-76.39966,37.22029],[-76.39825,37.22336],[-76.39655,37.22093],[-76.39467,37.22298],[-76.39795,37.22423],[-76.39146,37.22638],[-76.38812,37.2247],[-76.3938,37.22372]]],[[[-77.004,37.29358],[-77.00476,37.29693],[-77.01422,37.30284],[-76.99355,37.29529],[-77.004,37.29358]]],[[[-75.9661,36.56321],[-75.96905,36.566],[-75.96692,36.56256],[-75.96988,36.55598],[-75.97708,36.55678],[-75.97378,36.55904],[-75.97625,36.55931],[-75.97682,36.55831],[-75.98087,36.56274],[-75.97961,36.56015],[-75.98263,36.55935],[-75.98095,36.56639],[-75.9783,36.56303],[-75.97441,36.56404],[-75.9775,36.56964],[-75.96945,36.57261],[-75.96217,36.56504],[-75.9661,36.56321]]],[[[-75.79185,36.24947],[-75.78681,36.24767],[-75.78892,36.2433],[-75.78459,36.24499],[-75.78793,36.24328],[-75.79079,36.23825],[-75.78972,36.23542],[-75.7925,36.23482],[-75.79322,36.23698],[-75.79611,36.23319],[-75.79668,36.23382],[-75.79688,36.23723],[-75.80429,36.23629],[-75.80465,36.24113],[-75.79726,36.23924],[-75.79747,36.24508],[-75.79126,36.25108],[-75.78876,36.24924],[-75.79185,36.24947]]],[[[-75.94124,36.63147],[-75.9355,36.63441],[-75.93639,36.63861],[-75.93037,36.6338],[-75.93619,36.62898],[-75.92891,36.63173],[-75.9297,36.62607],[-75.93591,36.62816],[-75.93884,36.62328],[-75.95006,36.63245],[-75.94385,36.63335],[-75.94337,36.63072],[-75.94164,36.63458],[-75.94725,36.63437],[-75.94511,36.6375],[-75.94812,36.64163],[-75.94423,36.64185],[-75.94406,36.64441],[-75.9373,36.6398],[-75.94124,36.63147]]],[[[-75.83024,36.19662],[-75.8285,36.18971],[-75.84492,36.21104],[-75.84998,36.21179],[-75.84988,36.21322],[-75.84422,36.21713],[-75.84364,36.21967],[-75.84015,36.20808],[-75.83024,36.19662]]],[[[-75.93117,36.66272],[-75.92873,36.65443],[-75.93712,36.64975],[-75.94232,36.65134],[-75.94383,36.65381],[-75.93863,36.65814],[-75.94324,36.65872],[-75.94037,36.66896],[-75.94366,36.66957],[-75.94075,36.67215],[-75.9388,36.67171],[-75.94414,36.67337],[-75.9399,36.67535],[-75.94421,36.67493],[-75.94351,36.67574],[-75.93576,36.67622],[-75.93111,36.67479],[-75.9294,36.68335],[-75.93193,36.68745],[-75.92674,36.68506],[-75.93117,36.66272]]],[[[-79.82792,37.65006],[-79.81079,37.64245],[-79.79937,37.6158],[-79.85267,37.59866],[-79.87551,37.63102],[-79.82792,37.65006]]],[[[-77.33329,38.0724],[-77.2857,38.02005],[-77.36422,37.99864],[-77.39516,38.02481],[-77.35708,38.05812],[-77.33329,38.0724]]],[[[-75.72473,35.93102],[-75.72699,35.93446],[-75.71127,35.9398],[-75.69565,35.9375],[-75.66385,35.92313],[-75.65911,35.91917],[-75.66188,35.91815],[-75.66302,35.9106],[-75.6675,35.91043],[-75.66995,35.91414],[-75.66571,35.90007],[-75.65858,35.89789],[-75.66025,35.90254],[-75.65041,35.90359],[-75.64746,35.91123],[-75.64548,35.91016],[-75.63335,35.8902],[-75.63484,35.88647],[-75.63165,35.88875],[-75.62711,35.88264],[-75.61407,35.85446],[-75.61308,35.85034],[-75.62048,35.85469],[-75.63217,35.8689],[-75.63866,35.86835],[-75.63857,35.87437],[-75.6424,35.87926],[-75.64114,35.86879],[-75.63535,35.85791],[-75.61748,35.84354],[-75.61758,35.84033],[-75.62376,35.84432],[-75.62047,35.84079],[-75.61642,35.83847],[-75.61592,35.82697],[-75.61903,35.82892],[-75.61942,35.82426],[-75.62321,35.82489],[-75.62521,35.81944],[-75.65167,35.82741],[-75.65341,35.83542],[-75.66255,35.84828],[-75.65956,35.85417],[-75.66026,35.86841],[-75.6627,35.86784],[-75.67274,35.88268],[-75.68184,35.88501],[-75.68214,35.88857],[-75.6781,35.88792],[-75.68646,35.89391],[-75.68556,35.8978],[-75.68912,35.89502],[-75.69682,35.9019],[-75.69666,35.90942],[-75.70214,35.9155],[-75.72333,35.92525],[-75.72388,35.9263],[-75.72364,35.92725],[-75.72473,35.93102]]],[[[-75.48862,35.70937],[-75.47595,35.66765],[-75.46045,35.57181],[-75.47989,35.47867],[-75.48562,35.40123],[-75.50814,35.31646],[-75.5191,35.2551],[-75.52509,35.24386],[-75.52797,35.21596],[-75.52947,35.21453],[-75.52924,35.22015],[-75.53695,35.22618],[-75.55924,35.23385],[-75.60838,35.23157],[-75.66397,35.21754],[-75.74979,35.18672],[-75.75183,35.19299],[-75.73889,35.19576],[-75.72894,35.20198],[-75.71602,35.20183],[-75.70867,35.20858],[-75.70165,35.20825],[-75.70405,35.21046],[-75.69893,35.21058],[-75.69908,35.21835],[-75.68698,35.22181],[-75.68066,35.22775],[-75.67756,35.22192],[-75.68224,35.21586],[-75.67931,35.21642],[-75.67772,35.21962],[-75.66136,35.21994],[-75.64792,35.22777],[-75.63437,35.22973],[-75.63796,35.23003],[-75.61759,35.24753],[-75.60349,35.25417],[-75.60155,35.25258],[-75.60269,35.25441],[-75.59435,35.26133],[-75.58865,35.26022],[-75.58874,35.26076],[-75.59468,35.2616],[-75.59524,35.26411],[-75.59563,35.26074],[-75.59664,35.26638],[-75.59363,35.26236],[-75.59111,35.26166],[-75.58884,35.26178],[-75.59343,35.26311],[-75.58909,35.26278],[-75.5935,35.26417],[-75.58943,35.26389],[-75.59374,35.26554],[-75.57549,35.26224],[-75.56076,35.26642],[-75.5566,35.26471],[-75.55723,35.2667],[-75.54355,35.26851],[-75.53634,35.27308],[-75.52127,35.26936],[-75.5202,35.26663],[-75.52025,35.27],[-75.52231,35.27046],[-75.5216,35.27263],[-75.5209,35.2702],[-75.51957,35.27045],[-75.51368,35.30255],[-75.51681,35.31143],[-75.512,35.31838],[-75.51684,35.32834],[-75.5165,35.33912],[-75.51194,35.35023],[-75.51327,35.35611],[-75.5085,35.36374],[-75.50204,35.36173],[-75.50513,35.36698],[-75.5,35.36698],[-75.50336,35.36754],[-75.49874,35.37195],[-75.49479,35.39164],[-75.49701,35.39913],[-75.49007,35.41773],[-75.49268,35.418],[-75.49234,35.42711],[-75.48851,35.43343],[-75.4915,35.43282],[-75.48568,35.45399],[-75.48586,35.48066],[-75.48248,35.48352],[-75.48371,35.493],[-75.48142,35.49377],[-75.4843,35.50038],[-75.48131,35.50144],[-75.48554,35.50244],[-75.48685,35.50747],[-75.48006,35.51167],[-75.48668,35.52151],[-75.48559,35.5242],[-75.47936,35.52391],[-75.48519,35.52447],[-75.48231,35.53014],[-75.4788,35.52748],[-75.47448,35.53127],[-75.47512,35.53176],[-75.47682,35.53198],[-75.47342,35.53541],[-75.47715,35.53881],[-75.4735,35.54242],[-75.47632,35.54302],[-75.47346,35.54267],[-75.47345,35.54284],[-75.47416,35.54304],[-75.47592,35.54332],[-75.46975,35.54938],[-75.47347,35.5494],[-75.4713,35.55962],[-75.474,35.56177],[-75.47001,35.56621],[-75.47045,35.57707],[-75.46726,35.5807],[-75.47262,35.59468],[-75.47001,35.59574],[-75.4729,35.59651],[-75.4692,35.60091],[-75.47218,35.61342],[-75.46975,35.62174],[-75.47963,35.63549],[-75.47539,35.6383],[-75.48262,35.63877],[-75.47809,35.64253],[-75.48366,35.64225],[-75.48415,35.64645],[-75.48065,35.64813],[-75.48469,35.64835],[-75.48126,35.65362],[-75.48468,35.65178],[-75.48657,35.6565],[-75.48346,35.65713],[-75.48722,35.65913],[-75.48224,35.66168],[-75.4831,35.66214],[-75.48519,35.66243],[-75.48134,35.66445],[-75.4843,35.66372],[-75.48345,35.66607],[-75.48762,35.66808],[-75.481,35.6687],[-75.48131,35.67522],[-75.48844,35.68256],[-75.48496,35.68424],[-75.48592,35.68792],[-75.48708,35.68743],[-75.48544,35.68412],[-75.49973,35.68873],[-75.49657,35.69122],[-75.50024,35.69874],[-75.4976,35.70039],[-75.49868,35.70242],[-75.50278,35.7009],[-75.50432,35.70534],[-75.50046,35.70814],[-75.50892,35.70747],[-75.50217,35.71058],[-75.51087,35.7106],[-75.50694,35.7125],[-75.5106,35.71389],[-75.50406,35.71363],[-75.50917,35.7144],[-75.50438,35.71802],[-75.51324,35.72086],[-75.51105,35.72122],[-75.51373,35.72229],[-75.51229,35.72456],[-75.50742,35.72537],[-75.51367,35.72939],[-75.50927,35.7356],[-75.51381,35.73415],[-75.51217,35.7356],[-75.51804,35.73672],[-75.51944,35.74239],[-75.51674,35.74323],[-75.5195,35.74447],[-75.51604,35.75219],[-75.52389,35.756],[-75.52371,35.76035],[-75.51914,35.76158],[-75.52233,35.76109],[-75.52722,35.76688],[-75.5274,35.77304],[-75.52093,35.77018],[-75.50305,35.74206],[-75.48862,35.70937]]],[[[-81.2251,37.23487],[-81.25266,37.22119],[-81.28476,37.2159],[-81.26387,37.1731],[-81.31375,37.15951],[-81.33309,37.14921],[-81.32812,37.13901],[-81.31619,37.13927],[-81.29447,37.131],[-81.26706,37.12673],[-81.26131,37.11546],[-81.26333,37.10646],[-81.27089,37.09237],[-81.32627,37.06739],[-81.37419,37.05647],[-81.37704,37.05358],[-81.39915,37.05777],[-81.4366,37.04115],[-81.46131,37.03717],[-81.43718,37.01009],[-81.47933,36.98672],[-81.48323,36.99002],[-81.47263,36.99812],[-81.47602,37.0021],[-81.47281,37.00395],[-81.47559,37.00908],[-81.46884,37.01504],[-81.47401,37.01842],[-81.49565,37.01522],[-81.51715,37.00085],[-81.57694,36.98952],[-81.64134,36.94821],[-81.68304,36.93301],[-81.70924,36.97691],[-81.74894,36.96341],[-81.78054,36.95861],[-81.81839,37.04275],[-81.88975,37.11089],[-81.89257,37.12429],[-81.90156,37.13918],[-81.89746,37.15224],[-81.88963,37.14919],[-81.87569,37.15239],[-81.86621,37.1588],[-81.87045,37.16112],[-81.87148,37.16637],[-81.86088,37.16982],[-81.85731,37.17444],[-81.844,37.17354],[-81.83328,37.18016],[-81.82144,37.17879],[-81.812,37.18534],[-81.79969,37.1852],[-81.78728,37.19098],[-81.78428,37.19793],[-81.77369,37.20403],[-81.76329,37.20108],[-81.75703,37.20733],[-81.7553,37.21956],[-81.74131,37.22591],[-81.74054,37.23748],[-81.73109,37.2401],[-81.71961,37.23847],[-81.71573,37.22877],[-81.69933,37.21992],[-81.69475,37.21337],[-81.68362,37.21163],[-81.68327,37.20565],[-81.67822,37.20154],[-81.55571,37.20759],[-81.54557,37.22016],[-81.50764,37.23371],[-81.50652,37.24525],[-81.4991,37.25795],[-81.49229,37.25096],[-81.48014,37.25112],[-81.47614,37.25564],[-81.46211,37.2599],[-81.45887,37.26287],[-81.46058,37.26553],[-81.44765,37.27225],[-81.43951,37.27091],[-81.4356,37.27417],[-81.42795,37.27102],[-81.41603,37.27363],[-81.41595,37.27894],[-81.41159,37.28033],[-81.4023,37.29581],[-81.40506,37.29879],[-81.39682,37.3045],[-81.39868,37.31025],[-81.39429,37.31641],[-81.38631,37.32064],[-81.37941,37.31757],[-81.37275,37.32025],[-81.36754,37.3269],[-81.36938,37.33183],[-81.36536,37.3378],[-81.3201,37.29932],[-81.2251,37.23487]]],[[[-77.2574,35.90925],[-77.1941,35.93588],[-77.1741,35.92879],[-77.16455,35.93739],[-77.13966,35.93422],[-77.13181,35.94063],[-77.12671,35.92896],[-77.12215,35.92567],[-77.11626,35.92902],[-77.11015,35.92801],[-77.10423,35.93294],[-77.09221,35.925],[-77.08231,35.9321],[-77.08067,35.93678],[-77.07172,35.9348],[-77.06715,35.93738],[-77.07069,35.94305],[-77.0603,35.93861],[-77.05493,35.94431],[-77.04411,35.94362],[-77.03914,35.93085],[-77.0282,35.92941],[-77.03212,35.91785],[-77.02821,35.91772],[-77.02705,35.91057],[-77.03079,35.90506],[-77.02507,35.9015],[-77.02599,35.89529],[-77.0228,35.89091],[-77.03674,35.89119],[-77.03648,35.88632],[-77.03143,35.88197],[-77.04141,35.87444],[-77.04573,35.87491],[-77.04053,35.86835],[-77.04425,35.86201],[-77.03482,35.85745],[-77.01605,35.86261],[-77.00497,35.85847],[-76.99301,35.8634],[-76.98677,35.8761],[-76.97997,35.87245],[-76.9698,35.88124],[-76.95882,35.88335],[-76.94102,35.9007],[-76.92227,35.8976],[-76.90439,35.87677],[-76.90196,35.86867],[-76.89328,35.86443],[-76.89995,35.85693],[-76.89745,35.84752],[-76.90266,35.83768],[-76.89383,35.83105],[-76.903,35.82283],[-76.89278,35.81802],[-76.89678,35.81405],[-76.88066,35.81216],[-76.8752,35.81314],[-76.86028,35.82474],[-76.83298,35.85249],[-76.83203,35.86087],[-76.83635,35.87871],[-76.83298,35.88382],[-76.81969,35.88649],[-76.80708,35.88411],[-76.79007,35.86853],[-76.77896,35.86344],[-76.74886,35.86864],[-76.73192,35.88754],[-76.72083,35.91614],[-76.71245,35.92177],[-76.70067,35.92313],[-76.69379,35.93492],[-76.69325,35.94287],[-76.66351,35.93239],[-76.62012,35.93767],[-76.61024,35.93553],[-76.60727,35.93938],[-76.59499,35.94098],[-76.53511,35.94289],[-76.51031,35.94958],[-76.48956,35.9606],[-76.47757,35.95975],[-76.45807,35.96855],[-76.40067,35.9828],[-76.38525,35.97324],[-76.38261,35.96452],[-76.37367,35.95477],[-76.38332,35.94942],[-76.37302,35.94156],[-76.38522,35.93416],[-76.37622,35.93103],[-76.37161,35.93469],[-76.35353,35.93777],[-76.34938,35.94232],[-76.32782,35.93922],[-76.28851,35.96438],[-76.27066,35.97226],[-76.24759,35.97543],[-76.2444,35.9792],[-76.23073,35.97999],[-76.21066,35.98662],[-76.18311,35.98804],[-76.16924,35.99395],[-76.14723,35.99499],[-76.1321,35.98965],[-76.11641,35.99202],[-76.06111,35.99013],[-76.02357,35.96877],[-76.01437,35.95667],[-76.0177,35.94574],[-76.02402,35.94836],[-76.03082,35.9462],[-76.03191,35.94182],[-76.0488,35.9547],[-76.06212,35.95763],[-76.0649,35.9529],[-76.06201,35.95023],[-76.06769,35.93849],[-76.05385,35.9292],[-76.07021,35.92262],[-76.07358,35.92354],[-76.07396,35.92931],[-76.09105,35.94041],[-76.09915,35.93964],[-76.10779,35.95036],[-76.11328,35.95131],[-76.11917,35.94803],[-76.12409,35.95052],[-76.1274,35.94647],[-76.11034,35.94768],[-76.1051,35.93678],[-76.09314,35.93175],[-76.08833,35.92433],[-76.07188,35.91452],[-76.07138,35.90892],[-76.06676,35.90666],[-76.05981,35.91531],[-76.04619,35.922],[-76.04117,35.93044],[-76.02971,35.92482],[-76.02063,35.93419],[-76.01299,35.92412],[-76.02046,35.91463],[-76.02802,35.91115],[-76.02827,35.90384],[-76.03473,35.90062],[-76.04283,35.88901],[-76.04564,35.86948],[-76.05913,35.86209],[-76.06322,35.85228],[-76.06145,35.84451],[-76.06537,35.82973],[-76.06197,35.81979],[-76.05159,35.8073],[-76.05095,35.80078],[-76.05492,35.79582],[-76.05489,35.7666],[-76.05983,35.76854],[-76.06644,35.76721],[-76.06129,35.78119],[-76.06856,35.77757],[-76.07187,35.76573],[-76.07494,35.77037],[-76.08205,35.76897],[-76.09239,35.78574],[-76.10181,35.78998],[-76.10399,35.79938],[-76.11696,35.7972],[-76.1228,35.79205],[-76.1203,35.78644],[-76.1217,35.77551],[-76.11708,35.77226],[-76.10326,35.77318],[-76.09781,35.76785],[-76.08922,35.76718],[-76.0831,35.76399],[-76.07928,35.75587],[-76.07034,35.76401],[-76.06514,35.76242],[-76.05867,35.76715],[-76.05751,35.75955],[-76.04855,35.7473],[-76.04839,35.73656],[-76.05272,35.73236],[-76.05615,35.72055],[-76.0611,35.717],[-76.05966,35.70279],[-76.05827,35.69995],[-76.04956,35.70457],[-76.04208,35.69861],[-76.03745,35.68916],[-76.04137,35.67439],[-76.04674,35.67096],[-76.06526,35.68073],[-76.07452,35.67731],[-76.08673,35.67976],[-76.09518,35.67661],[-76.09566,35.67346],[-76.09932,35.68254],[-76.11655,35.68159],[-76.11371,35.69087],[-76.11775,35.69595],[-76.12949,35.69295],[-76.14185,35.70323],[-76.16286,35.69647],[-76.17186,35.69806],[-76.17305,35.69514],[-76.16749,35.69145],[-76.17561,35.69129],[-76.17691,35.68624],[-76.17219,35.68216],[-76.17559,35.67793],[-76.17,35.67226],[-76.17616,35.67237],[-76.17592,35.6651],[-76.18215,35.66644],[-76.17913,35.65962],[-76.1815,35.65694],[-76.17812,35.6551],[-76.19378,35.64593],[-76.19463,35.63595],[-76.19917,35.63412],[-76.19539,35.62885],[-76.19673,35.62331],[-76.20004,35.62222],[-76.19588,35.62046],[-76.20022,35.61934],[-76.19859,35.61704],[-76.20286,35.61027],[-76.20804,35.61043],[-76.20548,35.60852],[-76.21399,35.59816],[-76.25243,35.60535],[-76.26553,35.60349],[-76.27058,35.60725],[-76.28618,35.60487],[-76.29799,35.60873],[-76.26952,35.69013],[-76.39522,35.69698],[-76.39908,35.73236],[-76.4115,35.73293],[-76.41507,35.79361],[-76.49359,35.82038],[-76.57211,35.79896],[-76.58817,35.74364],[-76.6542,35.749],[-76.64707,35.79361],[-76.6774,35.81324],[-76.73451,35.79896],[-76.78508,35.82127],[-76.77774,35.70506],[-76.84506,35.70534],[-76.90005,35.68442],[-76.98591,35.65866],[-76.99042,35.62943],[-77.09107,35.68082],[-77.08536,35.7465],[-77.12499,35.72177],[-77.20386,35.79647],[-77.18815,35.85786],[-77.20029,35.91568],[-77.24883,35.88213],[-77.25811,35.8293],[-77.36304,35.80575],[-77.33092,35.73436],[-77.33235,35.68868],[-77.39731,35.69153],[-77.39374,35.74007],[-77.36519,35.74007],[-77.36376,35.78861],[-77.42229,35.82716],[-77.59005,35.96065],[-77.63787,36.10484],[-77.77273,36.00399],[-77.80277,36.0406],[-77.8042,36.08914],[-77.74852,36.11198],[-77.79063,36.12911],[-77.75923,36.19336],[-77.65358,36.16338],[-77.61717,36.13054],[-77.52294,36.09842],[-77.42729,36.14411],[-77.4173,35.95851],[-77.50153,35.93067],[-77.37304,35.81788],[-77.27167,35.83858],[-77.2574,35.90925]]],[[[-77.6161,39.30261],[-77.59256,39.30127],[-77.56621,39.30591],[-77.56168,39.30124],[-77.56088,39.28641],[-77.54211,39.26625],[-77.50908,39.25278],[-77.48749,39.24771],[-77.45892,39.22731],[-77.45891,39.21974],[-77.47429,39.20738],[-77.47726,39.19104],[-77.51041,39.17892],[-77.5179,39.16864],[-77.52745,39.14455],[-77.52058,39.12143],[-77.4841,39.10841],[-77.46909,39.0901],[-77.46895,39.08543],[-77.46129,39.07509],[-77.38547,39.06207],[-77.33917,39.06258],[-77.29453,39.04706],[-77.27507,39.03418],[-77.2487,39.02678],[-77.24478,39.01913],[-77.25591,39.00223],[-77.24495,38.98271],[-77.235,38.97609],[-77.22989,38.97966],[-77.22371,38.972],[-77.19991,38.96698],[-77.16597,38.96815],[-77.14676,38.96428],[-77.10304,38.91272],[-77.08818,38.90329],[-77.06888,38.90041],[-77.06389,38.88806],[-77.05902,38.88068],[-77.05252,38.8777],[-77.05049,38.87177],[-77.04659,38.87192],[-77.04591,38.87564],[-77.04046,38.87118],[-77.03793,38.86438],[-77.04263,38.86354],[-77.03569,38.86002],[-77.03215,38.84982],[-77.03461,38.84004],[-77.04771,38.8414],[-77.04295,38.83105],[-77.04195,38.8336],[-77.03793,38.82999],[-77.04108,38.8232],[-77.03691,38.81168],[-77.04329,38.71841],[-77.05339,38.70976],[-77.07385,38.71147],[-77.08281,38.70741],[-77.04796,38.61643],[-77.03856,38.62984],[-77.02777,38.63406],[-77.01999,38.64763],[-77.0016,38.65491],[-76.96586,38.66085],[-76.94627,38.65849],[-76.94032,38.65504],[-76.90498,38.65193],[-76.87909,38.6593],[-76.86209,38.65837],[-76.75899,38.61978],[-76.74936,38.61855],[-76.74625,38.59778],[-76.74248,38.59205],[-76.7404,38.55832],[-76.7336,38.55768],[-76.71503,38.54961],[-76.7162,38.54796],[-76.71204,38.54866],[-76.70728,38.54314],[-76.69784,38.54189],[-76.69247,38.53558],[-76.67209,38.52585],[-76.67888,38.5253],[-76.6757,38.52425],[-76.67381,38.51425],[-76.68287,38.50334],[-76.68367,38.49747],[-76.69023,38.49585],[-76.69982,38.49729],[-76.71367,38.51054],[-76.76828,38.51295],[-76.77493,38.50894],[-76.77511,38.50052],[-76.77993,38.50029],[-76.79071,38.48316],[-76.7902,38.47487],[-76.80782,38.45542],[-76.82267,38.42833],[-76.84077,38.41014],[-76.84639,38.40826],[-76.84997,38.39863],[-76.86235,38.39183],[-76.8821,38.38672],[-76.89201,38.38759],[-76.89671,38.39229],[-76.8971,38.39205],[-76.89741,38.39146],[-76.89716,38.39054],[-76.89651,38.38992],[-76.89818,38.38879],[-76.90647,38.38975],[-76.91051,38.38678],[-76.92026,38.39116],[-76.91993,38.38962],[-76.91851,38.38966],[-76.91858,38.38837],[-76.92291,38.38647],[-76.92183,38.38288],[-76.89813,38.3797],[-76.89382,38.37475],[-76.86068,38.36576],[-76.86095,38.36212],[-76.8563,38.35895],[-76.86008,38.35588],[-76.8584,38.35242],[-76.86335,38.344],[-76.86659,38.34345],[-76.86991,38.3322],[-76.85165,38.31605],[-76.85454,38.31322],[-76.85361,38.3055],[-76.84571,38.29862],[-76.84917,38.29397],[-76.84017,38.28894],[-76.83779,38.27712],[-76.83371,38.27364],[-76.8411,38.26577],[-76.83781,38.26181],[-76.84235,38.25505],[-76.86427,38.26969],[-76.9039,38.28704],[-76.92487,38.29171],[-76.92657,38.29401],[-76.92202,38.31143],[-76.93079,38.32369],[-76.96606,38.34117],[-76.97826,38.34229],[-76.97538,38.349],[-76.97804,38.35801],[-76.98377,38.36256],[-76.98346,38.36629],[-76.97954,38.36559],[-76.98054,38.36794],[-76.97806,38.37007],[-76.97774,38.37329],[-76.97954,38.37649],[-76.97974,38.37596],[-76.9781,38.37277],[-76.97833,38.37019],[-76.98365,38.36657],[-76.9878,38.3946],[-76.99912,38.41037],[-77.002,38.42254],[-77.01575,38.44407],[-77.04447,38.4428],[-77.07634,38.42395],[-77.09152,38.40732],[-77.10589,38.40604],[-77.12339,38.4104],[-77.12759,38.40099],[-77.13815,38.39072],[-77.18645,38.36555],[-77.20714,38.35979],[-77.24879,38.38143],[-77.26497,38.41389],[-77.3104,38.39666],[-77.3056,38.37592],[-77.29669,38.37076],[-77.28828,38.3602],[-77.28452,38.34312],[-77.2675,38.33357],[-77.24628,38.33122],[-77.20486,38.34045],[-77.17867,38.34155],[-77.16103,38.34676],[-77.13814,38.36806],[-77.08543,38.3681],[-77.06786,38.38075],[-77.05421,38.39792],[-77.04118,38.40007],[-77.01183,38.37463],[-77.0161,38.37039],[-77.01501,38.33272],[-77.03032,38.31152],[-77.02884,38.30638],[-77.0183,38.29944],[-77.00115,38.27967],[-76.99074,38.27441],[-76.98152,38.27456],[-76.96204,38.25687],[-76.95692,38.23794],[-76.96278,38.2298],[-76.95147,38.20927],[-76.937,38.20219],[-76.91127,38.19731],[-76.87738,38.17329],[-76.85866,38.17089],[-76.85562,38.1673],[-76.84158,38.1639],[-76.82864,38.16293],[-76.80072,38.16872],[-76.763,38.16806],[-76.62906,38.15271],[-76.61203,38.14845],[-76.61338,38.14048],[-76.60401,38.12911],[-76.60232,38.11155],[-76.58171,38.09575],[-76.53575,38.07405],[-76.53356,38.06273],[-76.52153,38.04705],[-76.51564,38.0452],[-76.51583,38.02649],[-76.49323,38.0181],[-76.46443,38.01369],[-76.43404,37.98209],[-76.41255,37.96628],[-76.34116,37.94617],[-76.26019,37.90753],[-76.237,37.88893],[-76.24401,37.86454],[-76.24649,37.86464],[-76.24408,37.86391],[-76.24917,37.84288],[-76.24732,37.8526],[-76.25083,37.85466],[-76.26114,37.85283],[-76.25831,37.85199],[-76.2603,37.85029],[-76.24926,37.85217],[-76.24915,37.84963],[-76.25733,37.8472],[-76.25692,37.84521],[-76.24978,37.84777],[-76.25133,37.84208],[-76.24894,37.84217],[-76.24931,37.83728],[-76.25112,37.83284],[-76.25879,37.8271],[-76.26271,37.83231],[-76.26171,37.82212],[-76.26339,37.8198],[-76.26291,37.82276],[-76.26768,37.8235],[-76.26675,37.81895],[-76.26388,37.81944],[-76.27484,37.81274],[-76.28099,37.81269],[-76.28234,37.81554],[-76.30746,37.81361],[-76.30726,37.80315],[-76.31483,37.8058],[-76.30933,37.80115],[-76.30728,37.80296],[-76.31077,37.79444],[-76.30938,37.79821],[-76.32664,37.80509],[-76.32162,37.8029],[-76.32493,37.80106],[-76.32218,37.80004],[-76.3203,37.80186],[-76.311,37.79649],[-76.31153,37.79016],[-76.3088,37.78745],[-76.29916,37.78335],[-76.29158,37.78603],[-76.28599,37.78289],[-76.28753,37.77726],[-76.29209,37.78431],[-76.29881,37.77952],[-76.30635,37.78038],[-76.30561,37.77519],[-76.3188,37.77646],[-76.31218,37.77358],[-76.30909,37.775],[-76.30958,37.76932],[-76.30638,37.76574],[-76.30901,37.76338],[-76.30887,37.76756],[-76.31835,37.76401],[-76.31984,37.76882],[-76.32112,37.76521],[-76.32577,37.76708],[-76.32062,37.76147],[-76.31742,37.7636],[-76.31904,37.75967],[-76.31557,37.76161],[-76.31572,37.75738],[-76.31386,37.75952],[-76.3101,37.75643],[-76.31216,37.75003],[-76.31991,37.75194],[-76.31702,37.75013],[-76.31858,37.74739],[-76.31634,37.74723],[-76.316,37.74956],[-76.31393,37.74366],[-76.30807,37.74081],[-76.30495,37.72996],[-76.31442,37.72103],[-76.30054,37.69846],[-76.30935,37.69372],[-76.30233,37.69391],[-76.30686,37.69258],[-76.30795,37.68829],[-76.30287,37.66756],[-76.30217,37.64061],[-76.28782,37.63107],[-76.28022,37.61976],[-76.28008,37.61375],[-76.29404,37.61528],[-76.30782,37.62259],[-76.33313,37.61586],[-76.33331,37.61835],[-76.32507,37.61847],[-76.32611,37.62125],[-76.34157,37.62376],[-76.35796,37.61891],[-76.36059,37.6137],[-76.35835,37.61028],[-76.36203,37.6088],[-76.38129,37.62717],[-76.39189,37.63033],[-76.40341,37.62759],[-76.41591,37.63896],[-76.42908,37.6412],[-76.43976,37.65237],[-76.42799,37.64752],[-76.43272,37.65224],[-76.42162,37.65326],[-76.41966,37.64748],[-76.41936,37.65096],[-76.40723,37.65019],[-76.41151,37.65344],[-76.40338,37.65434],[-76.40653,37.65622],[-76.40028,37.65904],[-76.40407,37.65836],[-76.40637,37.65671],[-76.40823,37.6621],[-76.40753,37.65599],[-76.41644,37.65745],[-76.41272,37.65436],[-76.41437,37.65245],[-76.42395,37.65457],[-76.4231,37.65855],[-76.4258,37.65685],[-76.42955,37.66055],[-76.4263,37.65448],[-76.43451,37.65564],[-76.43184,37.66335],[-76.43395,37.66474],[-76.42923,37.66878],[-76.42329,37.66722],[-76.42186,37.66959],[-76.42603,37.67024],[-76.42212,37.67514],[-76.42509,37.67371],[-76.42615,37.67076],[-76.42899,37.6732],[-76.42715,37.66995],[-76.43092,37.67172],[-76.43411,37.66619],[-76.43702,37.67001],[-76.4336,37.67336],[-76.43944,37.67078],[-76.43533,37.6618],[-76.43802,37.65698],[-76.44429,37.66318],[-76.45117,37.6609],[-76.44011,37.65443],[-76.44644,37.64973],[-76.49776,37.64702],[-76.50127,37.64322],[-76.50034,37.64774],[-76.50366,37.64359],[-76.51062,37.64252],[-76.5126,37.64812],[-76.51366,37.64783],[-76.51259,37.6451],[-76.52031,37.65007],[-76.52062,37.65499],[-76.52289,37.65642],[-76.52141,37.65424],[-76.52498,37.65352],[-76.53664,37.664],[-76.53575,37.69254],[-76.54401,37.71648],[-76.5406,37.72006],[-76.54349,37.71834],[-76.54264,37.72294],[-76.54712,37.72621],[-76.54391,37.71101],[-76.54457,37.7103],[-76.5509,37.71301],[-76.55606,37.71667],[-76.56259,37.73053],[-76.5699,37.73401],[-76.57304,37.75136],[-76.58398,37.76884],[-76.58095,37.77242],[-76.57675,37.76808],[-76.57722,37.77354],[-76.57053,37.77238],[-76.5791,37.77664],[-76.57275,37.77882],[-76.57782,37.77831],[-76.57678,37.78204],[-76.57979,37.78185],[-76.57993,37.77498],[-76.5824,37.77394],[-76.5843,37.77954],[-76.58345,37.77303],[-76.58601,37.77148],[-76.59052,37.77173],[-76.58827,37.77547],[-76.59036,37.77216],[-76.59605,37.77643],[-76.59796,37.77524],[-76.59546,37.77171],[-76.60172,37.77271],[-76.6187,37.784],[-76.60658,37.78304],[-76.60381,37.78009],[-76.60449,37.78281],[-76.59554,37.78709],[-76.61003,37.78497],[-76.6199,37.78998],[-76.61903,37.7876],[-76.61798,37.78706],[-76.63129,37.78638],[-76.6515,37.79623],[-76.65733,37.80585],[-76.67278,37.81496],[-76.68019,37.82565],[-76.7011,37.82245],[-76.71394,37.83321],[-76.72638,37.83607],[-76.73166,37.85088],[-76.74097,37.85559],[-76.73804,37.86572],[-76.73488,37.86304],[-76.72725,37.86659],[-76.73187,37.86623],[-76.73341,37.86401],[-76.73427,37.8692],[-76.7372,37.8672],[-76.74588,37.87073],[-76.74724,37.87585],[-76.76569,37.87894],[-76.76588,37.89256],[-76.76999,37.9003],[-76.80084,37.92761],[-76.7991,37.92444],[-76.8098,37.9234],[-76.81626,37.93043],[-76.82745,37.93543],[-76.83054,37.93503],[-76.82408,37.93277],[-76.83524,37.93196],[-76.85063,37.9512],[-76.84914,37.95541],[-76.8455,37.955],[-76.85399,37.97449],[-76.85658,37.97295],[-76.86274,37.97636],[-76.87184,37.98602],[-76.89175,37.98555],[-76.89668,37.98943],[-76.90015,37.99854],[-76.89859,38.00631],[-76.90582,38.01965],[-76.905,38.02864],[-76.90999,38.03597],[-76.91284,38.05237],[-76.92644,38.07556],[-76.95659,38.08598],[-76.96256,38.09217],[-76.96346,38.08999],[-76.96095,38.08766],[-76.98391,38.08926],[-76.98325,38.10277],[-76.99263,38.11078],[-77.00385,38.11098],[-77.01524,38.1053],[-77.03877,38.10887],[-77.0486,38.11441],[-77.04517,38.12786],[-77.04854,38.12775],[-77.0504,38.14848],[-77.05759,38.1609],[-77.0692,38.16089],[-77.0722,38.14627],[-77.07937,38.1512],[-77.07928,38.15669],[-77.08641,38.16238],[-77.1005,38.16333],[-77.10507,38.1595],[-77.11896,38.15724],[-77.1177,38.16407],[-77.12387,38.17078],[-77.13333,38.16829],[-77.15378,38.17097],[-77.16987,38.169],[-77.18675,38.17629],[-77.20128,38.19263],[-77.20811,38.19164],[-77.21528,38.20002],[-77.2308,38.20008],[-77.23305,38.19587],[-77.22962,38.18976],[-77.2336,38.18675],[-77.25402,38.19024],[-77.24132,38.21219],[-77.25133,38.22975],[-77.2262,38.23628],[-77.22388,38.2411],[-77.22707,38.24426],[-77.24596,38.24603],[-77.25226,38.25162],[-77.27184,38.24962],[-77.27658,38.24417],[-77.27672,38.22733],[-77.28078,38.2242],[-77.29114,38.22356],[-77.29428,38.22704],[-77.29013,38.23715],[-77.29344,38.24258],[-77.30983,38.23508],[-77.31952,38.24275],[-77.33235,38.24593],[-77.33768,38.25191],[-77.34549,38.25246],[-77.36021,38.2426],[-77.37021,38.24659],[-77.37446,38.24232],[-77.37399,38.23852],[-77.40179,38.2122],[-77.4289,38.24432],[-77.44675,38.25145],[-77.46103,38.24194],[-77.4646,38.22885],[-77.5217,38.22052],[-77.53348,38.19595],[-77.58292,38.16166],[-77.61807,38.15984],[-77.62759,38.17412],[-77.62561,38.19062],[-77.61429,38.19996],[-77.61144,38.21091],[-77.57405,38.23837],[-77.59071,38.27406],[-77.61688,38.26216],[-77.6383,38.27168],[-77.70201,38.36096],[-77.62073,38.38506],[-77.61085,38.39271],[-77.60381,38.40375],[-77.58801,38.41222],[-77.57286,38.42872],[-77.57068,38.42193],[-77.55926,38.42212],[-77.55165,38.41317],[-77.53813,38.40527],[-77.52909,38.40699],[-77.52062,38.41727],[-77.52186,38.43059],[-77.517,38.43373],[-77.51472,38.43135],[-77.50806,38.43335],[-77.50396,38.42745],[-77.50206,38.4285],[-77.50045,38.43636],[-77.50387,38.43859],[-77.50578,38.45383],[-77.48464,38.46114],[-77.49292,38.47161],[-77.50225,38.47666],[-77.49987,38.48713],[-77.48141,38.48684],[-77.47817,38.48265],[-77.47161,38.48588],[-77.47236,38.48865],[-77.4677,38.48798],[-77.47017,38.4915],[-77.45942,38.48675],[-77.45742,38.48834],[-77.45961,38.49093],[-77.45637,38.49036],[-77.45276,38.48713],[-77.44514,38.48855],[-77.43715,38.49731],[-77.43272,38.49263],[-77.42535,38.4915],[-77.42439,38.49569],[-77.41497,38.48941],[-77.39008,38.52325],[-77.36558,38.54865],[-77.34162,38.55785],[-77.33981,38.56463],[-77.35188,38.57745],[-77.35278,38.58318],[-77.3469,38.58514],[-77.33002,38.58001],[-77.31991,38.58634],[-77.31539,38.60504],[-77.29792,38.61877],[-77.2881,38.64062],[-77.2884,38.65419],[-77.30466,38.65749],[-77.30774,38.65175],[-77.3116,38.6529],[-77.3086,38.64733],[-77.31574,38.64219],[-77.31617,38.63776],[-77.32588,38.63162],[-77.34158,38.64504],[-77.34201,38.64819],[-77.33758,38.6489],[-77.33387,38.65732],[-77.34272,38.65532],[-77.35215,38.66418],[-77.35372,38.66246],[-77.36746,38.67126],[-77.45508,38.68927],[-77.50505,38.64644],[-77.58262,38.60484],[-77.61439,38.58414],[-77.60867,38.582],[-77.61153,38.57593],[-77.62295,38.57915],[-77.62586,38.59649],[-77.65807,38.59568],[-77.66901,38.60187],[-77.69318,38.58933],[-77.69195,38.58461],[-77.71946,38.57569],[-77.73348,38.57982],[-77.7383,38.56398],[-77.72483,38.56084],[-77.70091,38.54193],[-77.68537,38.48882],[-77.68699,38.47697],[-77.69766,38.48144],[-77.69734,38.49339],[-77.74624,38.52087],[-77.75909,38.50409],[-77.77551,38.4991],[-77.76908,38.51908],[-77.77658,38.53229],[-77.79014,38.52801],[-77.80228,38.51123],[-77.79086,38.50195],[-77.79942,38.5016],[-77.79835,38.49696],[-77.80875,38.48393],[-77.84055,38.48464],[-77.94882,38.4204],[-78.04756,38.37638],[-78.08433,38.40964],[-78.05708,38.48226],[-78.17435,38.52199],[-78.16878,38.52386],[-78.14144,38.54915],[-78.10467,38.52747],[-78.04994,38.52628],[-77.99831,38.50161],[-77.95715,38.51557],[-77.89968,38.56569],[-77.86617,38.56441],[-77.84225,38.5819],[-77.82161,38.65074],[-77.83833,38.66257],[-77.87081,38.64865],[-77.87081,38.63615],[-77.88116,38.64686],[-77.8808,38.66007],[-77.899,38.65971],[-77.86331,38.70682],[-77.83262,38.70861],[-77.83476,38.73038],[-77.85959,38.76423],[-77.87624,38.75471],[-77.92383,38.7678],[-77.9274,38.74757],[-78.02262,38.77029],[-78.02646,38.77586],[-78.01982,38.77808],[-78.02762,38.78188],[-78.02945,38.78734],[-78.0268,38.7883],[-78.03172,38.79324],[-78.02614,38.79578],[-78.03639,38.80025],[-78.04393,38.79745],[-78.04324,38.80019],[-78.04787,38.80193],[-78.04802,38.79858],[-78.05153,38.79924],[-78.05066,38.805],[-78.05822,38.81049],[-78.0808,38.82477],[-78.0999,38.8306],[-78.10779,38.8427],[-78.13026,38.86293],[-78.13069,38.86923],[-78.11376,38.87649],[-78.11146,38.88029],[-78.09464,38.87943],[-78.09059,38.88586],[-78.07538,38.88558],[-78.07268,38.89075],[-78.06124,38.89135],[-78.06122,38.89972],[-78.07205,38.90367],[-78.07595,38.90832],[-78.06383,38.92382],[-78.06166,38.93225],[-78.03978,38.93916],[-78.0345,38.94959],[-78.02735,38.95182],[-78.01737,38.96583],[-78.01737,38.97019],[-78.00518,38.97831],[-77.989,38.99756],[-77.96496,39.00914],[-77.95532,39.02065],[-77.93697,39.02261],[-77.92796,39.03442],[-77.89317,39.05528],[-77.87682,39.0787],[-77.86266,39.08096],[-77.84549,39.11607],[-77.82242,39.13971],[-77.82153,39.15231],[-77.80527,39.17407],[-77.79347,39.21042],[-77.78131,39.22806],[-77.77142,39.23672],[-77.7672,39.24925],[-77.77097,39.24939],[-77.77037,39.25586],[-77.76271,39.25845],[-77.76131,39.26369],[-77.75784,39.26492],[-77.75798,39.2722],[-77.7534,39.27649],[-77.74883,39.29259],[-77.73508,39.31238],[-77.71893,39.32121],[-77.69337,39.31839],[-77.67735,39.32455],[-77.66087,39.31528],[-77.6161,39.30261]]],[[[-78.59009,38.68566],[-78.62696,38.61748],[-78.6522,38.5951],[-78.67582,38.53389],[-78.6914,38.51006],[-78.65145,38.49296],[-78.63266,38.49678],[-78.63019,38.49471],[-78.63196,38.48537],[-78.61772,38.47468],[-78.62277,38.46547],[-78.55851,38.44691],[-78.54818,38.42612],[-78.54147,38.4263],[-78.53801,38.42979],[-78.48611,38.4218],[-78.4865,38.41776],[-78.50223,38.39722],[-78.50917,38.39323],[-78.51584,38.39377],[-78.51828,38.38345],[-78.52559,38.37514],[-78.52281,38.36986],[-78.5442,38.36346],[-78.54712,38.35315],[-78.55363,38.34865],[-78.55261,38.33578],[-78.5665,38.32903],[-78.58966,38.32416],[-78.60139,38.31439],[-78.60339,38.30704],[-78.62874,38.29984],[-78.63785,38.29102],[-78.65059,38.29396],[-78.65837,38.28716],[-78.66324,38.27812],[-78.63734,38.26915],[-78.67817,38.21637],[-78.6978,38.10573],[-78.63712,38.12714],[-78.61214,38.21994],[-78.58537,38.22886],[-78.54254,38.2128],[-78.50404,38.22563],[-78.43945,38.2062],[-78.42118,38.17176],[-78.35337,38.14677],[-78.3034,38.10394],[-78.26188,38.14966],[-78.21976,38.23218],[-78.2176,38.24218],[-78.20614,38.24122],[-78.20134,38.2454],[-78.19249,38.24536],[-78.18648,38.2517],[-78.17761,38.25433],[-78.1763,38.26292],[-78.18235,38.26181],[-78.1827,38.26768],[-78.17349,38.26883],[-78.16974,38.26381],[-78.16746,38.26929],[-78.15221,38.26596],[-78.15853,38.2739],[-78.14887,38.28396],[-78.14459,38.28319],[-78.14745,38.28037],[-78.14621,38.27627],[-78.13722,38.28221],[-78.12716,38.28222],[-78.12384,38.27862],[-78.12044,38.28763],[-78.11184,38.2888],[-78.10465,38.29755],[-78.09601,38.30191],[-78.09469,38.31135],[-77.96547,38.26573],[-78.00084,38.13702],[-78.02158,38.14214],[-78.02463,38.13648],[-78.02983,38.13969],[-78.03613,38.13544],[-78.04756,38.13585],[-78.06992,38.14308],[-78.07567,38.14127],[-78.08072,38.14696],[-78.10225,38.15242],[-78.11245,38.14747],[-78.11683,38.14089],[-78.11602,38.11465],[-78.04999,38.08788],[-77.91436,38.05576],[-77.92328,38.01471],[-78.05534,37.98259],[-78.11066,38.08253],[-78.17491,38.06825],[-78.19989,38.01114],[-78.30621,38.00684],[-78.29629,37.90583],[-78.37823,37.92528],[-78.42018,37.87799],[-78.52731,37.86933],[-78.56109,37.90822],[-78.52302,37.98674],[-78.8184,38.01261],[-78.83933,38.04761],[-78.85559,38.03541],[-78.85809,38.02949],[-78.87373,38.02847],[-78.88196,38.01776],[-78.88149,38.00867],[-78.88799,37.9964],[-78.89733,37.99501],[-78.90679,37.98727],[-78.90762,37.97599],[-78.8938,37.97715],[-78.89257,37.97465],[-78.90239,37.95793],[-78.90235,37.95157],[-78.89917,37.9488],[-78.90952,37.94532],[-78.91977,37.94629],[-78.92586,37.94011],[-78.94161,37.94031],[-78.95696,37.92569],[-78.95898,37.91987],[-78.95481,37.91648],[-78.9702,37.91276],[-78.98067,37.90651],[-78.98749,37.89577],[-79.00512,37.88172],[-79.01658,37.88813],[-79.01748,37.89357],[-79.04438,37.89092],[-79.04565,37.89757],[-79.05021,37.90006],[-79.05231,37.91274],[-79.06246,37.91751],[-79.06916,37.9133],[-79.07698,37.91488],[-79.09196,37.91073],[-79.10112,37.90364],[-79.11638,37.90183],[-79.12238,37.89598],[-79.15038,37.88788],[-79.15268,37.88124],[-79.14622,37.87411],[-79.14672,37.86932],[-79.15114,37.86587],[-79.14356,37.85661],[-79.15274,37.84917],[-79.15899,37.83861],[-79.15444,37.83345],[-79.1599,37.82675],[-79.15769,37.81993],[-79.16433,37.81587],[-79.17155,37.80478],[-79.1706,37.80053],[-79.18928,37.7943],[-79.19832,37.78798],[-79.20905,37.78899],[-79.21748,37.79628],[-79.21583,37.8017],[-79.22836,37.80924],[-79.22818,37.8122],[-79.23306,37.81265],[-79.24902,37.80327],[-79.25551,37.7934],[-79.26079,37.7913],[-79.26562,37.79364],[-79.29789,37.75043],[-79.30848,37.73417],[-79.30503,37.72902],[-79.3122,37.72353],[-79.31196,37.71795],[-79.31779,37.7135],[-79.31533,37.70642],[-79.31994,37.69698],[-79.34227,37.67543],[-79.3693,37.56744],[-79.38022,37.5815],[-79.38024,37.59007],[-79.38345,37.59417],[-79.39477,37.59726],[-79.39965,37.60468],[-79.40632,37.60807],[-79.41579,37.60691],[-79.42341,37.60166],[-79.43389,37.60325],[-79.43705,37.61701],[-79.44502,37.61812],[-79.45723,37.60655],[-79.45723,37.59947],[-79.45014,37.58949],[-79.45185,37.58695],[-79.44633,37.58377],[-79.44883,37.57838],[-79.44219,37.57588],[-79.43851,37.57781],[-79.43409,37.57242],[-79.44039,37.56383],[-79.45773,37.56005],[-79.46393,37.54954],[-79.4784,37.5485],[-79.49698,37.5367],[-79.50533,37.52911],[-79.50455,37.52123],[-79.50808,37.51746],[-79.51439,37.51648],[-79.51889,37.509],[-79.53284,37.50583],[-79.54617,37.4892],[-79.55495,37.49902],[-79.5592,37.49624],[-79.58081,37.47313],[-79.58282,37.45195],[-79.59343,37.44897],[-79.60266,37.45546],[-79.61703,37.45796],[-79.62775,37.45363],[-79.63104,37.45505],[-79.63821,37.46121],[-79.63986,37.47114],[-79.65892,37.4854],[-79.67685,37.4837],[-79.68607,37.47788],[-79.70181,37.5324],[-79.73039,37.55657],[-79.68367,37.6616],[-79.67525,37.66858],[-79.67059,37.67854],[-79.66781,37.69429],[-79.67645,37.69902],[-79.68869,37.73449],[-79.68177,37.74006],[-79.83999,37.74977],[-79.97592,37.72466],[-80.03684,37.72466],[-80.07681,37.75892],[-80.13392,37.75702],[-80.28156,37.66278],[-80.2896,37.67586],[-80.29615,37.67818],[-80.29592,37.69282],[-80.28864,37.69421],[-80.28649,37.6984],[-80.28185,37.69786],[-80.26459,37.71797],[-80.25203,37.72643],[-80.25162,37.72937],[-80.25928,37.73264],[-80.26244,37.73778],[-80.25693,37.75572],[-80.24933,37.75702],[-80.25139,37.76324],[-80.24852,37.76793],[-80.24178,37.76735],[-80.2406,37.77219],[-80.22981,37.77849],[-80.21585,37.7762],[-80.21559,37.7814],[-80.22266,37.78175],[-80.22235,37.78627],[-80.22963,37.79257],[-80.22023,37.80774],[-80.20673,37.81567],[-80.19234,37.83478],[-80.17989,37.83916],[-80.18259,37.85161],[-80.17664,37.85289],[-80.16135,37.87569],[-80.14859,37.88661],[-80.14153,37.88257],[-80.13017,37.89386],[-80.12367,37.89795],[-80.11815,37.89743],[-80.11942,37.90239],[-80.11638,37.90657],[-80.11362,37.90727],[-80.09966,37.88265],[-80.11488,37.81793],[-80.08823,37.80651],[-79.97973,37.83316],[-79.95689,37.856],[-79.94547,37.84839],[-79.94166,37.8008],[-79.856,37.81032],[-79.84494,37.88624],[-79.83696,37.91692],[-79.78747,37.91692],[-79.76465,37.88403],[-79.74873,37.88509],[-79.7214,37.86854],[-79.69278,37.84441],[-79.66056,37.87208],[-79.65426,37.86808],[-79.63415,37.894],[-79.62774,37.9097],[-79.60899,37.93586],[-79.58187,37.95449],[-79.55143,37.98492],[-79.54062,38.00217],[-79.53446,38.00307],[-79.53342,38.00976],[-79.5112,38.03536],[-79.52454,38.04124],[-79.50595,38.05589],[-79.48242,38.08608],[-79.38582,38.16057],[-79.30396,38.1739],[-79.20688,38.23101],[-79.13645,38.36235],[-79.07173,38.43849],[-78.98417,38.49179],[-79.1079,38.51654],[-79.12313,38.53938],[-79.12122,38.56223],[-79.08315,38.57745],[-79.03937,38.52987],[-78.92515,38.56603],[-78.82617,38.69738],[-78.71767,38.76591],[-78.72338,38.80017],[-78.84525,38.79869],[-78.8277,38.82054],[-78.81123,38.84854],[-78.76145,38.85918],[-78.74051,38.82873],[-78.632,38.84395],[-78.61868,38.93913],[-78.58632,38.95055],[-78.54254,38.93913],[-78.50256,38.96769],[-78.50447,38.99814],[-78.48924,39.01337],[-78.40167,38.99053],[-78.40738,38.94865],[-78.44546,38.91058],[-78.54254,38.86489],[-78.54945,38.73743],[-78.55198,38.73086],[-78.59009,38.68566]],[[-78.88884,38.45527],[-78.90019,38.45912],[-78.90818,38.45141],[-78.91525,38.43755],[-78.90902,38.43423],[-78.90247,38.42414],[-78.90603,38.42234],[-78.9065,38.41624],[-78.90403,38.41472],[-78.91754,38.39619],[-78.91455,38.39006],[-78.90521,38.39295],[-78.88971,38.39054],[-78.88725,38.40379],[-78.88306,38.40226],[-78.88227,38.41224],[-78.86179,38.41317],[-78.85833,38.41575],[-78.85099,38.41386],[-78.8271,38.42037],[-78.82994,38.42328],[-78.82395,38.43491],[-78.82599,38.43974],[-78.83428,38.4444],[-78.83445,38.45547],[-78.84858,38.45242],[-78.84871,38.46444],[-78.85792,38.47528],[-78.87097,38.47991],[-78.87146,38.48968],[-78.88884,38.45527]],[[-79.07848,38.18584],[-79.08261,38.18832],[-79.09623,38.18553],[-79.10647,38.17107],[-79.11356,38.15308],[-79.10567,38.13957],[-79.08718,38.12778],[-79.07089,38.12792],[-79.06946,38.13138],[-79.04978,38.12111],[-79.02693,38.13443],[-79.01945,38.14335],[-79.01199,38.16674],[-79.02465,38.17603],[-79.02035,38.18153],[-79.01131,38.18148],[-79.02488,38.1921],[-79.02301,38.19578],[-79.03357,38.19923],[-79.04496,38.18999],[-79.07848,38.18584]],[[-78.92836,38.0912],[-78.93496,38.07685],[-78.95029,38.06955],[-78.95127,38.06437],[-78.94224,38.06159],[-78.94948,38.05726],[-78.9479,38.05296],[-78.93854,38.0522],[-78.93544,38.04839],[-78.92953,38.04973],[-78.92198,38.03157],[-78.90187,38.04476],[-78.89134,38.03901],[-78.87772,38.04162],[-78.87221,38.03964],[-78.86532,38.04899],[-78.86536,38.06233],[-78.85623,38.06919],[-78.85881,38.07039],[-78.85566,38.0745],[-78.86512,38.08177],[-78.86249,38.09012],[-78.8673,38.09204],[-78.86464,38.09567],[-78.878,38.09117],[-78.89049,38.09853],[-78.89479,38.09665],[-78.90353,38.09998],[-78.91246,38.0921],[-78.92356,38.08923],[-78.92836,38.0912]],[[-79.45337,37.79306],[-79.46184,37.78618],[-79.45538,37.77944],[-79.46067,37.77273],[-79.45632,37.7701],[-79.45938,37.76816],[-79.45577,37.76508],[-79.43248,37.77914],[-79.42892,37.78432],[-79.42179,37.78493],[-79.42306,37.78858],[-79.41495,37.78863],[-79.43737,37.79502],[-79.44896,37.79109],[-79.45337,37.79306]],[[-79.36473,37.74458],[-79.38114,37.74235],[-79.37481,37.73934],[-79.37719,37.72873],[-79.37201,37.72967],[-79.3665,37.72607],[-79.37036,37.72646],[-79.37617,37.72135],[-79.37511,37.71149],[-79.38261,37.70636],[-79.37083,37.69573],[-79.35527,37.70876],[-79.34878,37.70513],[-79.35601,37.71],[-79.34089,37.72939],[-79.33471,37.72803],[-79.33392,37.72998],[-79.33983,37.73174],[-79.33329,37.73795],[-79.33394,37.74299],[-79.32749,37.74323],[-79.33173,37.74379],[-79.32877,37.76058],[-79.34325,37.76156],[-79.34921,37.75499],[-79.3567,37.75461],[-79.36473,37.74458]]],[[[-76.87617,37.97174],[-76.88597,37.95506],[-76.88928,37.95444],[-76.88793,37.94745],[-76.89192,37.94795],[-76.89312,37.95296],[-76.89831,37.95081],[-76.89311,37.95249],[-76.89251,37.94795],[-76.889,37.94673],[-76.8873,37.94727],[-76.88638,37.9487],[-76.88689,37.95174],[-76.88101,37.95128],[-76.85943,37.93566],[-76.86414,37.93378],[-76.85931,37.93538],[-76.85272,37.92279],[-76.85445,37.92335],[-76.85693,37.92202],[-76.85864,37.91738],[-76.85604,37.91805],[-76.85418,37.92277],[-76.84612,37.91576],[-76.82651,37.91425],[-76.82354,37.90192],[-76.79422,37.89539],[-76.79469,37.88582],[-76.78928,37.87678],[-76.78412,37.8741],[-76.78295,37.86364],[-76.77101,37.855],[-76.7649,37.8458],[-76.76469,37.83604],[-76.75037,37.82347],[-76.7428,37.81227],[-76.74475,37.81033],[-76.7426,37.81211],[-76.73755,37.80274],[-76.72703,37.79371],[-76.72972,37.79208],[-76.72719,37.79337],[-76.72072,37.78679],[-76.69145,37.78553],[-76.68203,37.78078],[-76.68292,37.76459],[-76.67371,37.75462],[-76.63576,37.75043],[-76.62796,37.74811],[-76.62019,37.74493],[-76.61742,37.74303],[-76.61801,37.74086],[-76.62216,37.74086],[-76.61967,37.74196],[-76.62231,37.74236],[-76.62088,37.7448],[-76.62758,37.74605],[-76.63351,37.74219],[-76.62512,37.74251],[-76.61987,37.73593],[-76.61847,37.7276],[-76.62589,37.72997],[-76.62979,37.72191],[-76.63937,37.71994],[-76.62822,37.72169],[-76.6257,37.72737],[-76.61911,37.72481],[-76.61757,37.72969],[-76.59982,37.7204],[-76.59679,37.71606],[-76.59966,37.71921],[-76.60835,37.71794],[-76.6062,37.71292],[-76.60512,37.71371],[-76.60378,37.71599],[-76.6024,37.71332],[-76.60056,37.71733],[-76.59593,37.71347],[-76.59779,37.70273],[-76.60295,37.70428],[-76.59898,37.69972],[-76.60313,37.69951],[-76.59885,37.69673],[-76.61363,37.69591],[-76.60956,37.69432],[-76.60777,37.69543],[-76.60432,37.69341],[-76.59819,37.69484],[-76.59987,37.69301],[-76.59634,37.68907],[-76.59683,37.69489],[-76.59315,37.69435],[-76.59727,37.69843],[-76.59363,37.69804],[-76.58914,37.6946],[-76.58899,37.68668],[-76.57903,37.67249],[-76.58592,37.66833],[-76.59854,37.67488],[-76.60568,37.67432],[-76.61176,37.67781],[-76.61047,37.6814],[-76.62173,37.68582],[-76.62575,37.68522],[-76.61662,37.67984],[-76.62553,37.67433],[-76.61441,37.67921],[-76.608,37.67313],[-76.6097,37.67041],[-76.58972,37.66815],[-76.57404,37.65541],[-76.57916,37.65532],[-76.58345,37.65967],[-76.59007,37.65698],[-76.59175,37.66208],[-76.59186,37.65758],[-76.59537,37.6622],[-76.59532,37.65892],[-76.60052,37.65652],[-76.59196,37.65642],[-76.59436,37.65216],[-76.58366,37.65654],[-76.58627,37.65071],[-76.58244,37.65424],[-76.58261,37.6476],[-76.57941,37.65149],[-76.57411,37.65073],[-76.57777,37.65012],[-76.57622,37.64745],[-76.57942,37.6427],[-76.57541,37.6474],[-76.56644,37.642],[-76.57079,37.64133],[-76.57143,37.63274],[-76.57497,37.63332],[-76.57584,37.62735],[-76.58669,37.62427],[-76.59373,37.6272],[-76.58888,37.62267],[-76.59254,37.62085],[-76.58997,37.62013],[-76.58218,37.62311],[-76.57828,37.61728],[-76.57979,37.62379],[-76.57312,37.62384],[-76.57144,37.63086],[-76.56819,37.63066],[-76.56726,37.63971],[-76.55687,37.63391],[-76.54877,37.62111],[-76.54224,37.61674],[-76.52946,37.61156],[-76.50998,37.61203],[-76.50438,37.6096],[-76.50685,37.60651],[-76.50368,37.60728],[-76.50357,37.60396],[-76.49974,37.61024],[-76.50473,37.61192],[-76.45361,37.61308],[-76.46484,37.61108],[-76.46516,37.60854],[-76.45898,37.60709],[-76.46683,37.60361],[-76.46625,37.60211],[-76.45995,37.60397],[-76.4622,37.59825],[-76.45935,37.59875],[-76.45985,37.60275],[-76.45621,37.60138],[-76.45888,37.60336],[-76.45697,37.61021],[-76.45547,37.6049],[-76.45224,37.60786],[-76.45073,37.60532],[-76.45119,37.60802],[-76.45435,37.61115],[-76.44803,37.61266],[-76.44777,37.60838],[-76.44545,37.60867],[-76.44467,37.61176],[-76.43346,37.61408],[-76.43011,37.60916],[-76.43161,37.60632],[-76.44025,37.60265],[-76.43385,37.60083],[-76.43108,37.60255],[-76.43065,37.59703],[-76.43912,37.59731],[-76.43418,37.59385],[-76.43925,37.592],[-76.44472,37.59473],[-76.4431,37.59216],[-76.45139,37.58864],[-76.44733,37.58839],[-76.4417,37.59155],[-76.43472,37.59044],[-76.43216,37.59308],[-76.42328,37.59108],[-76.43024,37.58665],[-76.43956,37.58649],[-76.4453,37.58093],[-76.43437,37.58559],[-76.42757,37.58282],[-76.42673,37.5858],[-76.38499,37.57376],[-76.39172,37.57356],[-76.38797,37.57278],[-76.39037,37.56958],[-76.38768,37.56844],[-76.39915,37.5632],[-76.3904,37.56226],[-76.38435,37.57362],[-76.37933,37.56895],[-76.37961,37.56497],[-76.37733,37.56686],[-76.38316,37.57332],[-76.35994,37.57387],[-76.33821,37.57109],[-76.33328,37.56691],[-76.33397,37.56998],[-76.33157,37.56975],[-76.31516,37.56088],[-76.30377,37.56297],[-76.29796,37.5596],[-76.30005,37.55475],[-76.304,37.55549],[-76.30145,37.55306],[-76.30542,37.54979],[-76.31167,37.55336],[-76.30715,37.54908],[-76.31174,37.54625],[-76.3181,37.54576],[-76.32334,37.54915],[-76.3291,37.5455],[-76.32938,37.5293],[-76.33915,37.50526],[-76.33331,37.50266],[-76.33782,37.50131],[-76.3313,37.50033],[-76.33043,37.49664],[-76.33447,37.49586],[-76.33292,37.49528],[-76.32978,37.4966],[-76.32544,37.48594],[-76.31268,37.48538],[-76.31361,37.49156],[-76.30035,37.50348],[-76.29787,37.51564],[-76.28656,37.51384],[-76.26469,37.48233],[-76.26271,37.47336],[-76.26585,37.47148],[-76.25655,37.45979],[-76.25113,37.44595],[-76.24562,37.39176],[-76.24825,37.37661],[-76.25933,37.36719],[-76.25384,37.36597],[-76.26502,37.35732],[-76.27087,37.34149],[-76.2742,37.34555],[-76.27086,37.34076],[-76.27717,37.3393],[-76.27222,37.33585],[-76.28115,37.33778],[-76.28153,37.34442],[-76.28285,37.3345],[-76.2852,37.33491],[-76.2833,37.33256],[-76.27972,37.3339],[-76.27999,37.32771],[-76.2763,37.32971],[-76.27803,37.32604],[-76.277,37.32602],[-76.27443,37.32958],[-76.27474,37.33088],[-76.27069,37.32915],[-76.27174,37.31642],[-76.27548,37.31046],[-76.27296,37.309],[-76.27675,37.30939],[-76.27543,37.31201],[-76.27781,37.31315],[-76.27629,37.31117],[-76.27879,37.31018],[-76.28314,37.32619],[-76.28572,37.32683],[-76.28833,37.32163],[-76.29615,37.32405],[-76.29801,37.32779],[-76.29245,37.33149],[-76.29801,37.32939],[-76.29571,37.3328],[-76.29937,37.33121],[-76.29867,37.33568],[-76.30059,37.33211],[-76.29896,37.32725],[-76.30882,37.32952],[-76.31431,37.33967],[-76.31127,37.34175],[-76.30376,37.33981],[-76.30881,37.34192],[-76.3092,37.34579],[-76.30569,37.34521],[-76.30494,37.34929],[-76.30127,37.34684],[-76.30411,37.34932],[-76.29993,37.35393],[-76.30251,37.35148],[-76.30228,37.35466],[-76.30478,37.35437],[-76.30292,37.35074],[-76.30594,37.35309],[-76.31005,37.34794],[-76.314,37.34928],[-76.31305,37.34538],[-76.31751,37.34689],[-76.3202,37.34344],[-76.31875,37.348],[-76.3219,37.34645],[-76.32247,37.34959],[-76.3189,37.35087],[-76.32518,37.3513],[-76.32153,37.35481],[-76.32223,37.35559],[-76.32479,37.35396],[-76.32506,37.36083],[-76.32602,37.36071],[-76.32626,37.3525],[-76.3363,37.36099],[-76.3356,37.36737],[-76.34776,37.37053],[-76.34553,37.37114],[-76.34887,37.37344],[-76.35096,37.36968],[-76.35989,37.37009],[-76.36162,37.37421],[-76.35852,37.37398],[-76.35908,37.37823],[-76.36642,37.3735],[-76.36836,37.38312],[-76.36552,37.38525],[-76.36918,37.38618],[-76.37109,37.38283],[-76.37328,37.38511],[-76.37408,37.38351],[-76.37081,37.38212],[-76.37276,37.38057],[-76.40574,37.36865],[-76.40445,37.33827],[-76.40222,37.33689],[-76.40649,37.33297],[-76.39894,37.31392],[-76.3896,37.31],[-76.3954,37.30802],[-76.39402,37.30761],[-76.39143,37.30781],[-76.38972,37.30921],[-76.38669,37.3082],[-76.38873,37.3072],[-76.38493,37.29422],[-76.38051,37.2926],[-76.38344,37.29099],[-76.38112,37.28545],[-76.38432,37.28013],[-76.39108,37.28296],[-76.39104,37.27926],[-76.38493,37.27902],[-76.38829,37.27634],[-76.38326,37.27643],[-76.38842,37.2731],[-76.3893,37.27551],[-76.38979,37.27417],[-76.38775,37.27116],[-76.40512,37.27216],[-76.40585,37.2748],[-76.4074,37.27276],[-76.40547,37.27139],[-76.39627,37.27042],[-76.39706,37.26831],[-76.39023,37.26996],[-76.38675,37.26736],[-76.38936,37.26314],[-76.3902,37.26291],[-76.39418,37.26551],[-76.41373,37.26488],[-76.43779,37.25541],[-76.46369,37.25002],[-76.47697,37.25024],[-76.48271,37.25492],[-76.50401,37.24517],[-76.51021,37.27298],[-76.52572,37.28381],[-76.53504,37.28251],[-76.53193,37.28447],[-76.53807,37.29161],[-76.54364,37.29047],[-76.55382,37.29523],[-76.55658,37.30361],[-76.5581,37.29847],[-76.56148,37.30711],[-76.55844,37.31067],[-76.56079,37.31933],[-76.56212,37.313],[-76.56784,37.31644],[-76.57442,37.31473],[-76.58956,37.32735],[-76.59297,37.33826],[-76.61341,37.35295],[-76.61674,37.36037],[-76.6135,37.36164],[-76.61157,37.35713],[-76.6125,37.36154],[-76.62248,37.36457],[-76.64202,37.38681],[-76.65015,37.39115],[-76.65757,37.40138],[-76.65173,37.40841],[-76.65273,37.40957],[-76.65669,37.4068],[-76.65662,37.41392],[-76.66189,37.41417],[-76.66407,37.41835],[-76.6652,37.41236],[-76.67098,37.4117],[-76.68701,37.41882],[-76.69015,37.43092],[-76.68466,37.42848],[-76.67694,37.43271],[-76.68363,37.4317],[-76.68431,37.42927],[-76.68911,37.43162],[-76.69466,37.42988],[-76.71171,37.44413],[-76.74152,37.49025],[-76.7641,37.50224],[-76.77237,37.51059],[-76.77887,37.51178],[-76.79582,37.52615],[-76.80478,37.52203],[-76.80242,37.51735],[-76.80613,37.50624],[-76.80294,37.49544],[-76.77241,37.48749],[-76.77182,37.48295],[-76.77487,37.48439],[-76.77332,37.48199],[-76.77161,37.48274],[-76.77152,37.48433],[-76.77056,37.48427],[-76.77017,37.48503],[-76.76972,37.48479],[-76.76869,37.47769],[-76.76725,37.4789],[-76.76945,37.48453],[-76.76981,37.48514],[-76.77155,37.48518],[-76.77219,37.4863],[-76.76302,37.48297],[-76.76136,37.47355],[-76.76306,37.47456],[-76.76552,37.47353],[-76.76623,37.47636],[-76.76623,37.47393],[-76.76568,37.47334],[-76.7642,37.47337],[-76.76274,37.47432],[-76.76174,37.47276],[-76.76054,37.47258],[-76.7596,37.46109],[-76.75259,37.45751],[-76.74532,37.44032],[-76.69626,37.40379],[-76.67191,37.36917],[-76.66055,37.36667],[-76.6601,37.35701],[-76.65488,37.34677],[-76.64008,37.33401],[-76.62497,37.31158],[-76.61787,37.30783],[-76.6161,37.3002],[-76.60905,37.29852],[-76.59914,37.2888],[-76.58363,37.28281],[-76.58078,37.27852],[-76.58511,37.28268],[-76.58625,37.27416],[-76.55049,37.26755],[-76.55287,37.26709],[-76.539,37.25291],[-76.52533,37.24358],[-76.50771,37.23906],[-76.49413,37.2258],[-76.4727,37.21622],[-76.43797,37.21881],[-76.42007,37.22334],[-76.42281,37.21974],[-76.4171,37.21367],[-76.42001,37.21277],[-76.41736,37.20538],[-76.40668,37.2094],[-76.3895,37.19371],[-76.39333,37.17456],[-76.39117,37.1573],[-76.38095,37.15564],[-76.37766,37.14856],[-76.36673,37.1535],[-76.36067,37.14987],[-76.35197,37.14989],[-76.3533,37.14711],[-76.34813,37.13921],[-76.34631,37.13905],[-76.34717,37.13966],[-76.34802,37.13965],[-76.34987,37.14439],[-76.35191,37.14609],[-76.35104,37.1483],[-76.34776,37.14485],[-76.35208,37.15077],[-76.35031,37.15317],[-76.34799,37.15335],[-76.35352,37.15648],[-76.35091,37.15863],[-76.36125,37.16341],[-76.35831,37.16402],[-76.35976,37.16898],[-76.35457,37.17],[-76.35609,37.16565],[-76.34892,37.17091],[-76.3506,37.16714],[-76.34747,37.16763],[-76.34631,37.16866],[-76.34673,37.16592],[-76.34599,37.16554],[-76.34399,37.16699],[-76.34393,37.16594],[-76.34828,37.16321],[-76.34814,37.16591],[-76.35291,37.16446],[-76.35095,37.16188],[-76.34911,37.16476],[-76.34972,37.16203],[-76.34581,37.16119],[-76.34465,37.16411],[-76.34189,37.15985],[-76.34782,37.15991],[-76.33882,37.15814],[-76.3427,37.15811],[-76.34196,37.15569],[-76.34846,37.15727],[-76.34732,37.15515],[-76.33937,37.15385],[-76.34042,37.15308],[-76.3443,37.1543],[-76.33952,37.15146],[-76.34303,37.14967],[-76.33662,37.15047],[-76.33807,37.14891],[-76.33293,37.14772],[-76.33633,37.14178],[-76.33496,37.1431],[-76.33325,37.14592],[-76.33046,37.14211],[-76.32881,37.14369],[-76.33147,37.13818],[-76.32568,37.14249],[-76.32645,37.14001],[-76.32341,37.13852],[-76.32637,37.13712],[-76.3223,37.13741],[-76.3214,37.13895],[-76.32129,37.13591],[-76.31813,37.13692],[-76.31967,37.13376],[-76.31798,37.13425],[-76.31763,37.13725],[-76.32082,37.14037],[-76.31075,37.13794],[-76.30991,37.13589],[-76.31837,37.1322],[-76.31799,37.13124],[-76.31619,37.13159],[-76.31657,37.13034],[-76.31277,37.13281],[-76.31349,37.12592],[-76.32053,37.1254],[-76.31404,37.12547],[-76.313,37.12584],[-76.31131,37.13217],[-76.31268,37.13391],[-76.30756,37.13329],[-76.30899,37.13721],[-76.3045,37.13411],[-76.30702,37.13257],[-76.30553,37.12613],[-76.30125,37.12564],[-76.3009,37.12851],[-76.30397,37.13034],[-76.30319,37.13348],[-76.29784,37.13068],[-76.29533,37.1232],[-76.30118,37.11418],[-76.27869,37.10144],[-76.27043,37.08673],[-76.29382,37.03232],[-76.30163,37.00451],[-76.30368,37.00139],[-76.31308,37.00047],[-76.31705,37.0127],[-76.32315,37.01123],[-76.3299,37.01318],[-76.32875,37.01535],[-76.33133,37.01289],[-76.34068,37.01517],[-76.35075,37.00572],[-76.37386,36.99931],[-76.38353,36.99353],[-76.3954,36.98187],[-76.39951,36.98495],[-76.39629,36.98065],[-76.4097,36.96786],[-76.41023,36.95898],[-76.41586,36.96332],[-76.41783,36.96083],[-76.41913,36.96371],[-76.41991,36.96091],[-76.41942,36.96378],[-76.42911,36.96742],[-76.42818,36.96924],[-76.43039,36.96777],[-76.42975,36.97037],[-76.43274,36.96906],[-76.43109,36.97153],[-76.43669,36.97525],[-76.43439,36.97659],[-76.43602,36.98007],[-76.43996,36.97993],[-76.43715,36.9814],[-76.44057,36.98087],[-76.43869,36.98383],[-76.44179,36.98256],[-76.43956,36.98524],[-76.44292,36.98424],[-76.43869,36.9874],[-76.44408,36.98576],[-76.44,36.9875],[-76.44374,36.98647],[-76.45273,36.99997],[-76.44783,37.00221],[-76.44897,37.00844],[-76.45673,37.01326],[-76.45598,37.01697],[-76.46155,37.02472],[-76.50955,37.05357],[-76.51851,37.05582],[-76.52682,37.06331],[-76.52696,37.0813],[-76.53218,37.08118],[-76.54323,37.08839],[-76.55049,37.08047],[-76.55876,37.08203],[-76.55447,37.07631],[-76.56383,37.07735],[-76.57932,37.09636],[-76.59485,37.10562],[-76.59787,37.11127],[-76.61574,37.1174],[-76.62349,37.12975],[-76.62427,37.12775],[-76.62276,37.12674],[-76.62817,37.12531],[-76.62154,37.13455],[-76.62405,37.13817],[-76.6219,37.14191],[-76.61511,37.14481],[-76.60431,37.16183],[-76.60684,37.16704],[-76.61003,37.16617],[-76.60751,37.16734],[-76.61362,37.17169],[-76.62309,37.19843],[-76.62109,37.20001],[-76.62335,37.19894],[-76.64061,37.21571],[-76.65009,37.22078],[-76.69279,37.22357],[-76.69377,37.22577],[-76.69489,37.22157],[-76.70256,37.21713],[-76.73819,37.21312],[-76.73965,37.20636],[-76.73441,37.20293],[-76.74263,37.19289],[-76.75415,37.19046],[-76.77995,37.20883],[-76.79483,37.23282],[-76.81062,37.24107],[-76.8109,37.23878],[-76.82452,37.24374],[-76.84932,37.24065],[-76.89953,37.24429],[-76.91595,37.24259],[-76.91844,37.23832],[-76.91685,37.23337],[-76.93322,37.23877],[-76.94071,37.23743],[-76.95992,37.25016],[-76.98492,37.27677],[-76.98606,37.29371],[-76.9906,37.30463],[-77.00606,37.3068],[-77.01515,37.31234],[-77.03546,37.30164],[-77.07316,37.27258],[-77.07992,37.28113],[-77.07372,37.30592],[-77.07928,37.32066],[-77.07375,37.32256],[-77.07294,37.32752],[-77.08585,37.31954],[-77.10946,37.31814],[-77.12961,37.3096],[-77.13414,37.31245],[-77.166,37.31014],[-77.18457,37.31412],[-77.18926,37.32075],[-77.2028,37.3275],[-77.2177,37.32645],[-77.2193,37.30926],[-77.21264,37.30393],[-77.2052,37.30449],[-77.2056,37.30005],[-77.20152,37.29806],[-77.198,37.28753],[-77.18647,37.28514],[-77.17574,37.28786],[-77.16441,37.29932],[-77.15978,37.29435],[-77.15406,37.29476],[-77.14896,37.30026],[-77.12101,37.29595],[-77.10348,37.29936],[-77.09338,37.30784],[-77.08767,37.28038],[-77.08095,37.27161],[-77.06501,37.26664],[-77.06665,37.26148],[-77.06267,37.26],[-77.05071,37.26564],[-77.03598,37.28737],[-77.0189,37.2967],[-77.01173,37.29672],[-77.0113,37.29924],[-77.00486,37.29652],[-77.00632,37.29588],[-77.00589,37.29245],[-77.00859,37.29278],[-77.00726,37.29028],[-77.00564,37.29099],[-77.00556,37.2945],[-77.00461,37.29315],[-76.99882,37.29234],[-77.00258,37.29119],[-77.00009,37.29031],[-76.99978,37.27799],[-76.99275,37.27158],[-76.99111,37.25882],[-76.98003,37.2395],[-76.9484,37.23046],[-76.90054,37.19965],[-76.88699,37.20058],[-76.86351,37.20885],[-76.80092,37.20609],[-76.80243,37.19858],[-76.79674,37.18958],[-76.78494,37.18356],[-76.78172,37.17696],[-76.76268,37.16846],[-76.74696,37.15019],[-76.73654,37.1461],[-76.71515,37.14815],[-76.70294,37.17017],[-76.69695,37.17404],[-76.69196,37.19446],[-76.68617,37.19797],[-76.66972,37.18346],[-76.66357,37.17293],[-76.66896,37.16864],[-76.67169,37.14133],[-76.66697,37.14026],[-76.66434,37.12172],[-76.6569,37.10971],[-76.65763,37.10132],[-76.66158,37.09753],[-76.65677,37.09927],[-76.66907,37.07004],[-76.66932,37.05815],[-76.66441,37.04783],[-76.64728,37.0366],[-76.61205,37.03549],[-76.58434,37.02731],[-76.57722,37.02184],[-76.5686,37.00352],[-76.55087,36.99896],[-76.54199,36.98914],[-76.52477,36.98386],[-76.52307,36.97908],[-76.52766,36.97722],[-76.5134,36.96809],[-76.49553,36.96503],[-76.48836,36.9595],[-76.48112,36.91148],[-76.44937,36.90126],[-76.44217,36.90614],[-76.43643,36.90601],[-76.40649,36.89696],[-76.38808,36.89589],[-76.38548,36.92418],[-76.3551,36.92377],[-76.32474,36.93256],[-76.33376,36.9352],[-76.32904,36.93538],[-76.33348,36.93639],[-76.32927,36.93788],[-76.33345,36.93794],[-76.3255,36.93881],[-76.33417,36.93971],[-76.32698,36.94196],[-76.33322,36.94582],[-76.32883,36.94576],[-76.33316,36.94939],[-76.32858,36.94882],[-76.33286,36.9507],[-76.3284,36.9501],[-76.33257,36.952],[-76.32809,36.95139],[-76.32748,36.95432],[-76.3318,36.95503],[-76.3325,36.95303],[-76.33235,36.95525],[-76.32742,36.95473],[-76.32651,36.95903],[-76.33073,36.96007],[-76.32637,36.95959],[-76.32565,36.96297],[-76.33061,36.96368],[-76.2967,36.96916],[-76.27132,36.96648],[-76.22646,36.9408],[-76.18608,36.93027],[-76.1384,36.92274],[-76.02626,36.93207],[-76.01101,36.92979],[-75.99531,36.92102],[-75.98975,36.91093],[-75.9506,36.7649],[-75.92578,36.70018],[-75.88164,36.60889],[-75.8558,36.49394],[-75.81982,36.36264],[-75.78648,36.26482],[-75.71887,36.11586],[-75.64881,36.00424],[-75.56708,35.85722],[-75.53331,35.78674],[-75.5325,35.77892],[-75.53902,35.77443],[-75.54342,35.77868],[-75.53832,35.78024],[-75.53817,35.78446],[-75.54376,35.7812],[-75.54651,35.78823],[-75.54375,35.79457],[-75.55158,35.79514],[-75.54976,35.80147],[-75.55251,35.80656],[-75.55629,35.80952],[-75.5598,35.80818],[-75.56573,35.8157],[-75.57433,35.82098],[-75.56787,35.82948],[-75.5762,35.83551],[-75.58434,35.84727],[-75.58803,35.84607],[-75.59502,35.85399],[-75.5961,35.86476],[-75.6013,35.87373],[-75.59941,35.87698],[-75.60307,35.8783],[-75.60042,35.88016],[-75.60085,35.88606],[-75.59659,35.88649],[-75.6026,35.89578],[-75.59869,35.89519],[-75.60223,35.90306],[-75.61511,35.89981],[-75.60129,35.90746],[-75.63333,35.95258],[-75.64703,35.96699],[-75.66782,35.97196],[-75.66807,35.97767],[-75.66379,35.97978],[-75.66827,35.98016],[-75.67379,35.98831],[-75.67216,35.99205],[-75.67694,35.99039],[-75.67439,35.9964],[-75.6794,35.9993],[-75.67801,36.00208],[-75.68077,36.00192],[-75.68207,35.99564],[-75.68622,36.00096],[-75.68713,36.0043],[-75.68271,36.00255],[-75.68066,36.00581],[-75.68314,36.00508],[-75.68611,36.01527],[-75.68854,36.01274],[-75.68535,36.00706],[-75.69055,36.00552],[-75.6866,35.99661],[-75.69229,36.00081],[-75.69807,35.99422],[-75.71082,36.0032],[-75.72842,36.00464],[-75.72677,36.01765],[-75.72322,36.01538],[-75.72507,36.01226],[-75.72233,36.01469],[-75.72372,36.00991],[-75.7206,36.0084],[-75.72282,36.00554],[-75.71341,36.01029],[-75.71362,36.01064],[-75.72002,36.0084],[-75.71827,36.01003],[-75.72222,36.01276],[-75.71615,36.01186],[-75.71382,36.01282],[-75.72086,36.01263],[-75.72117,36.01384],[-75.71494,36.01363],[-75.72205,36.01541],[-75.71395,36.01548],[-75.71501,36.01677],[-75.72334,36.01651],[-75.71632,36.0176],[-75.72261,36.01808],[-75.71913,36.01978],[-75.72696,36.01807],[-75.73323,36.04063],[-75.73758,36.04179],[-75.73785,36.04945],[-75.73493,36.04564],[-75.72177,36.04645],[-75.7242,36.04799],[-75.72099,36.05474],[-75.72659,36.04672],[-75.73148,36.05116],[-75.73546,36.05268],[-75.73776,36.05222],[-75.73719,36.05412],[-75.73217,36.05201],[-75.72969,36.0574],[-75.73084,36.06316],[-75.73204,36.05241],[-75.73346,36.05346],[-75.73728,36.05462],[-75.73404,36.06405],[-75.73839,36.05317],[-75.74081,36.05592],[-75.7364,36.06309],[-75.73804,36.06373],[-75.74091,36.05717],[-75.73889,36.07211],[-75.75134,36.12344],[-75.74971,36.12764],[-75.73912,36.10049],[-75.74097,36.10838],[-75.73882,36.10874],[-75.74452,36.12358],[-75.74657,36.14569],[-75.75718,36.16653],[-75.75731,36.18122],[-75.76756,36.20424],[-75.77358,36.22747],[-75.77802,36.2341],[-75.77953,36.23193],[-75.77869,36.22895],[-75.78391,36.23058],[-75.78714,36.22823],[-75.78844,36.23195],[-75.79402,36.23206],[-75.78651,36.23403],[-75.78809,36.23528],[-75.79012,36.23457],[-75.78925,36.23578],[-75.78996,36.23689],[-75.7887,36.23877],[-75.78384,36.23577],[-75.7849,36.24143],[-75.78151,36.24327],[-75.78887,36.25366],[-75.79385,36.24987],[-75.79527,36.25389],[-75.79629,36.248],[-75.80091,36.24652],[-75.80392,36.24784],[-75.80192,36.25016],[-75.80426,36.25288],[-75.80952,36.25524],[-75.80873,36.25079],[-75.81085,36.24887],[-75.8119,36.24713],[-75.8192,36.24551],[-75.82,36.24868],[-75.81045,36.26028],[-75.81447,36.2597],[-75.81158,36.26613],[-75.80763,36.2642],[-75.80527,36.26194],[-75.80163,36.25611],[-75.79959,36.25645],[-75.80237,36.25863],[-75.79943,36.26141],[-75.8107,36.27422],[-75.80941,36.29582],[-75.81632,36.29115],[-75.81819,36.29383],[-75.83142,36.29427],[-75.83304,36.29635],[-75.83656,36.29803],[-75.8381,36.29764],[-75.83784,36.29695],[-75.83675,36.29788],[-75.8344,36.2965],[-75.83144,36.2924],[-75.83785,36.29141],[-75.82987,36.28455],[-75.83064,36.27686],[-75.83569,36.27635],[-75.83531,36.2719],[-75.83759,36.2716],[-75.84318,36.27637],[-75.84357,36.29206],[-75.85415,36.29284],[-75.85392,36.30507],[-75.84672,36.30158],[-75.84306,36.30338],[-75.84361,36.30724],[-75.83368,36.30241],[-75.83893,36.30777],[-75.8482,36.31042],[-75.85017,36.31891],[-75.84522,36.3203],[-75.8424,36.31654],[-75.84315,36.31919],[-75.83514,36.31977],[-75.83646,36.32088],[-75.84504,36.32118],[-75.84429,36.32546],[-75.84603,36.32064],[-75.8501,36.32069],[-75.85108,36.32498],[-75.84548,36.33257],[-75.82286,36.33014],[-75.82217,36.34363],[-75.83236,36.35664],[-75.83483,36.37206],[-75.8315,36.37472],[-75.84141,36.37646],[-75.84825,36.38209],[-75.84341,36.3913],[-75.83556,36.39048],[-75.84968,36.40022],[-75.84772,36.40976],[-75.84172,36.41035],[-75.84482,36.41235],[-75.84053,36.41314],[-75.84464,36.41451],[-75.84017,36.41631],[-75.84374,36.41661],[-75.84332,36.42664],[-75.8456,36.42518],[-75.84657,36.43095],[-75.84764,36.43133],[-75.85275,36.4279],[-75.85375,36.42602],[-75.85584,36.42675],[-75.84849,36.43548],[-75.85173,36.43558],[-75.85406,36.43198],[-75.85365,36.43465],[-75.85893,36.42844],[-75.86197,36.42995],[-75.85509,36.43475],[-75.85271,36.44048],[-75.85619,36.43919],[-75.85779,36.43298],[-75.86334,36.43321],[-75.85745,36.43528],[-75.85804,36.43568],[-75.86317,36.43464],[-75.86425,36.437],[-75.85825,36.4381],[-75.85923,36.4395],[-75.86208,36.43993],[-75.85704,36.4394],[-75.86157,36.44106],[-75.85652,36.44511],[-75.85669,36.44641],[-75.86026,36.44449],[-75.86229,36.44154],[-75.86372,36.44264],[-75.86476,36.4469],[-75.86121,36.44613],[-75.86019,36.44632],[-75.85992,36.44699],[-75.86266,36.44803],[-75.86034,36.44647],[-75.86456,36.44719],[-75.86554,36.44666],[-75.86433,36.454],[-75.86646,36.45422],[-75.86673,36.45121],[-75.86814,36.45388],[-75.88,36.45423],[-75.87664,36.45412],[-75.88011,36.45035],[-75.88068,36.4481],[-75.88336,36.44887],[-75.88311,36.44772],[-75.88288,36.44752],[-75.88215,36.44732],[-75.88097,36.44757],[-75.88119,36.4464],[-75.88506,36.44223],[-75.88761,36.444],[-75.88405,36.44644],[-75.88539,36.44767],[-75.88752,36.44621],[-75.88759,36.44916],[-75.88316,36.45087],[-75.8838,36.45155],[-75.8864,36.45061],[-75.88403,36.45261],[-75.88692,36.46089],[-75.87947,36.45975],[-75.87095,36.46463],[-75.86488,36.46307],[-75.87049,36.46507],[-75.86164,36.4677],[-75.86869,36.47015],[-75.86078,36.47298],[-75.86337,36.47254],[-75.86226,36.47515],[-75.86777,36.47204],[-75.87872,36.47785],[-75.88383,36.47862],[-75.87849,36.47828],[-75.87852,36.48048],[-75.87643,36.47827],[-75.87798,36.4815],[-75.87468,36.48173],[-75.87959,36.48669],[-75.87763,36.49196],[-75.90104,36.49034],[-75.90282,36.48651],[-75.91512,36.48716],[-75.92372,36.48269],[-75.93134,36.4892],[-75.97529,36.4856],[-75.98929,36.4948],[-75.98129,36.50555],[-75.98125,36.51221],[-75.97314,36.51515],[-75.97493,36.5191],[-75.96324,36.51863],[-75.96107,36.51573],[-75.95546,36.51709],[-75.95586,36.51747],[-75.95708,36.51749],[-75.96111,36.51604],[-75.96239,36.51947],[-75.97089,36.52545],[-75.9843,36.52457],[-75.99693,36.52924],[-76.0147,36.55152],[-76.00883,36.55359],[-76.01552,36.55418],[-76.00959,36.55991],[-76.01469,36.56249],[-76.0155,36.56572],[-76.01265,36.56705],[-76.0193,36.56741],[-76.01723,36.56936],[-76.02188,36.56691],[-76.01704,36.57143],[-76.02166,36.56837],[-76.02715,36.5754],[-76.03698,36.57613],[-76.04182,36.58587],[-76.04044,36.58601],[-76.03881,36.58825],[-76.03854,36.5872],[-76.03317,36.58634],[-76.03727,36.58798],[-76.03575,36.59276],[-76.03816,36.59141],[-76.03664,36.5903],[-76.03726,36.58986],[-76.03759,36.58799],[-76.03649,36.58737],[-76.03877,36.58852],[-76.04112,36.58752],[-76.04067,36.58614],[-76.04167,36.58624],[-76.04254,36.58566],[-76.04558,36.58909],[-76.04385,36.59251],[-76.04757,36.59496],[-76.04566,36.59676],[-76.05546,36.59677],[-76.05169,36.5991],[-76.05432,36.59845],[-76.05567,36.59686],[-76.05549,36.59635],[-76.05918,36.59628],[-76.05914,36.60098],[-76.05826,36.59985],[-76.04926,36.60223],[-76.05301,36.60256],[-76.0585,36.60095],[-76.05619,36.60621],[-76.04946,36.60413],[-76.04241,36.60733],[-76.04333,36.60749],[-76.04673,36.60658],[-76.05155,36.61185],[-76.04868,36.61941],[-76.04071,36.62071],[-76.04211,36.62078],[-76.04863,36.6196],[-76.0499,36.62273],[-76.0419,36.62446],[-76.04992,36.6229],[-76.05056,36.62589],[-76.04416,36.62717],[-76.05057,36.62645],[-76.05295,36.63045],[-76.05098,36.63556],[-76.04483,36.63579],[-76.04808,36.63615],[-76.04976,36.63562],[-76.04831,36.63745],[-76.05177,36.6351],[-76.05182,36.63707],[-76.04715,36.63948],[-76.05281,36.63783],[-76.0593,36.64413],[-76.05849,36.65634],[-76.06166,36.6617],[-76.05676,36.66481],[-76.05984,36.66507],[-76.06111,36.66458],[-76.06271,36.67206],[-76.06845,36.67703],[-76.06343,36.68758],[-76.06622,36.68967],[-76.06361,36.69437],[-76.06694,36.69019],[-76.06863,36.69595],[-76.0652,36.69762],[-76.06934,36.69591],[-76.075,36.69936],[-76.07635,36.7018],[-76.07382,36.70294],[-76.07547,36.7029],[-76.07674,36.70203],[-76.07878,36.70564],[-76.07286,36.71164],[-76.07658,36.71097],[-76.07877,36.70644],[-76.07901,36.71074],[-76.084,36.716],[-76.082,36.71942],[-76.08273,36.71973],[-76.08405,36.71738],[-76.08421,36.71533],[-76.08548,36.71663],[-76.08377,36.71349],[-76.09529,36.71573],[-76.10794,36.72995],[-76.09912,36.71674],[-76.08844,36.71352],[-76.09105,36.71172],[-76.08102,36.7112],[-76.08005,36.70496],[-76.08583,36.70981],[-76.08517,36.70789],[-76.08406,36.70714],[-76.08926,36.70508],[-76.0822,36.70621],[-76.08577,36.70329],[-76.0795,36.70416],[-76.07559,36.69627],[-76.08528,36.69968],[-76.0835,36.69809],[-76.08705,36.69669],[-76.07451,36.69379],[-76.075,36.69661],[-76.07196,36.69644],[-76.06569,36.68649],[-76.07025,36.67764],[-76.06429,36.67134],[-76.06612,36.66774],[-76.06271,36.66574],[-76.06047,36.6552],[-76.06068,36.64571],[-76.06458,36.64664],[-76.05743,36.64032],[-76.06158,36.63214],[-76.05927,36.63188],[-76.05939,36.63463],[-76.05313,36.63437],[-76.05455,36.62852],[-76.05172,36.62445],[-76.05547,36.62381],[-76.05632,36.62554],[-76.05977,36.6257],[-76.05623,36.63016],[-76.05836,36.63058],[-76.06015,36.62849],[-76.06465,36.63155],[-76.06297,36.634],[-76.06671,36.6351],[-76.06654,36.63855],[-76.06326,36.64142],[-76.06944,36.64203],[-76.07133,36.6452],[-76.0719,36.64415],[-76.07008,36.64168],[-76.06566,36.64072],[-76.07086,36.63626],[-76.07118,36.63924],[-76.07565,36.63916],[-76.07364,36.64258],[-76.07658,36.64635],[-76.07901,36.64513],[-76.07465,36.64227],[-76.07964,36.63971],[-76.07846,36.63905],[-76.07637,36.63974],[-76.07675,36.6351],[-76.07494,36.63612],[-76.07486,36.63829],[-76.07149,36.63858],[-76.07324,36.63449],[-76.06865,36.63533],[-76.06674,36.63791],[-76.06812,36.63429],[-76.06355,36.63324],[-76.06801,36.62923],[-76.06651,36.62932],[-76.06584,36.62961],[-76.06458,36.63098],[-76.06038,36.62796],[-76.0583,36.62872],[-76.0607,36.6259],[-76.06001,36.62529],[-76.05683,36.62547],[-76.05798,36.61962],[-76.05282,36.61625],[-76.04969,36.61727],[-76.05721,36.60697],[-76.05772,36.61051],[-76.06106,36.61351],[-76.0657,36.61216],[-76.06502,36.61129],[-76.06343,36.61107],[-76.06235,36.60954],[-76.06177,36.61157],[-76.0577,36.6096],[-76.06043,36.60276],[-76.06046,36.59438],[-76.05085,36.5911],[-76.04843,36.57524],[-76.04415,36.57422],[-76.04328,36.56085],[-76.03238,36.55635],[-76.03601,36.54965],[-76.0302,36.53784],[-76.03473,36.52769],[-76.02856,36.52798],[-76.02592,36.52391],[-76.02663,36.51649],[-76.03604,36.51364],[-76.0457,36.52339],[-76.04172,36.52522],[-76.04808,36.52522],[-76.04773,36.5186],[-76.04529,36.51857],[-76.0468,36.52249],[-76.04399,36.52112],[-76.04317,36.5034],[-76.03797,36.4991],[-76.0193,36.45757],[-76.00723,36.44323],[-75.98534,36.43586],[-75.97808,36.43598],[-75.97455,36.43983],[-75.92419,36.42508],[-75.92053,36.40994],[-75.92258,36.39942],[-75.91586,36.38576],[-75.92093,36.36979],[-75.92711,36.36651],[-75.93029,36.3681],[-75.92899,36.36581],[-75.93311,36.36469],[-75.92267,36.36044],[-75.91481,36.35162],[-75.8958,36.3201],[-75.89111,36.3007],[-75.88316,36.28519],[-75.86877,36.28161],[-75.86501,36.28618],[-75.85893,36.28331],[-75.86134,36.27788],[-75.8583,36.27628],[-75.86198,36.27592],[-75.86397,36.27866],[-75.86118,36.26879],[-75.86755,36.27163],[-75.8643,36.26788],[-75.86771,36.26738],[-75.86416,36.266],[-75.8618,36.26784],[-75.86118,36.26264],[-75.85294,36.25939],[-75.84839,36.25251],[-75.8563,36.24688],[-75.87043,36.24747],[-75.87415,36.24498],[-75.86987,36.24619],[-75.86919,36.24458],[-75.87104,36.24258],[-75.8681,36.2446],[-75.86985,36.24642],[-75.86413,36.24549],[-75.86405,36.24205],[-75.86721,36.24477],[-75.87043,36.24197],[-75.86819,36.24121],[-75.86856,36.24216],[-75.87026,36.24197],[-75.86795,36.24398],[-75.8662,36.24282],[-75.86797,36.24236],[-75.86743,36.24141],[-75.86575,36.24207],[-75.87004,36.24012],[-75.86626,36.241],[-75.8677,36.23714],[-75.85493,36.23862],[-75.84557,36.22864],[-75.84523,36.22313],[-75.85281,36.20804],[-75.8517,36.20839],[-75.85091,36.2091],[-75.84991,36.21133],[-75.84824,36.21127],[-75.84818,36.20313],[-75.8444,36.20293],[-75.84756,36.19944],[-75.84533,36.19806],[-75.84286,36.20216],[-75.84009,36.19669],[-75.84896,36.19222],[-75.84288,36.19234],[-75.83965,36.18774],[-75.84298,36.18303],[-75.8341,36.17204],[-75.83897,36.16565],[-75.83599,36.16643],[-75.83212,36.16891],[-75.82846,36.16622],[-75.83233,36.16452],[-75.83009,36.16243],[-75.82586,36.16402],[-75.82487,36.1599],[-75.8222,36.16288],[-75.82491,36.16561],[-75.82155,36.16352],[-75.82082,36.16022],[-75.8244,36.15793],[-75.82262,36.15023],[-75.82578,36.15123],[-75.82619,36.14795],[-75.8192,36.13957],[-75.81622,36.13947],[-75.81726,36.14231],[-75.81085,36.136],[-75.81084,36.13118],[-75.80763,36.13137],[-75.81045,36.12896],[-75.81452,36.13401],[-75.81207,36.12979],[-75.81076,36.12925],[-75.81245,36.12691],[-75.8095,36.12527],[-75.8108,36.12281],[-75.79874,36.118],[-75.7989,36.11348],[-75.80285,36.11599],[-75.80874,36.11429],[-75.80136,36.11303],[-75.80313,36.0993],[-75.78953,36.07924],[-75.79665,36.07426],[-75.79398,36.07182],[-75.7986,36.07215],[-75.84184,36.09799],[-75.86023,36.11803],[-75.8671,36.13458],[-75.86182,36.14933],[-75.86409,36.15116],[-75.86142,36.15363],[-75.86273,36.15993],[-75.87126,36.17096],[-75.87572,36.18386],[-75.90801,36.20887],[-75.91036,36.21271],[-75.90816,36.21822],[-75.91424,36.22412],[-75.90942,36.22646],[-75.91122,36.22879],[-75.91209,36.22596],[-75.91458,36.227],[-75.91216,36.22905],[-75.9207,36.24573],[-75.93405,36.24857],[-75.94712,36.25658],[-75.94289,36.25875],[-75.9483,36.26635],[-75.95155,36.26634],[-75.94542,36.27183],[-75.94578,36.28551],[-75.95588,36.29181],[-75.96339,36.29091],[-75.96621,36.29542],[-75.96342,36.29832],[-75.96379,36.29931],[-75.96635,36.29951],[-75.96565,36.30894],[-75.96977,36.31579],[-75.97479,36.31839],[-75.97641,36.31379],[-75.98119,36.31341],[-75.98058,36.31284],[-75.97862,36.31267],[-75.98972,36.31155],[-75.99143,36.31584],[-75.99741,36.31339],[-76.00039,36.32551],[-76.00725,36.33017],[-76.01563,36.32866],[-76.01892,36.33303],[-76.0137,36.33492],[-76.01719,36.33488],[-76.01564,36.34356],[-76.01813,36.34733],[-76.02268,36.34671],[-76.02641,36.34511],[-76.02782,36.34941],[-76.03576,36.35532],[-76.04723,36.35824],[-76.02954,36.34854],[-76.02994,36.34406],[-76.03515,36.34328],[-76.03205,36.3381],[-76.01732,36.34427],[-76.01782,36.33832],[-76.02333,36.33568],[-76.02355,36.33103],[-76.01951,36.3304],[-76.01666,36.32172],[-76.01473,36.32333],[-76.01634,36.32471],[-76.00867,36.32719],[-76.00438,36.32439],[-76.00906,36.32262],[-76.00315,36.32179],[-76.00543,36.31217],[-76.00185,36.30887],[-76.00575,36.30596],[-75.97751,36.30667],[-75.98007,36.30371],[-75.97544,36.30713],[-75.97203,36.30358],[-75.97281,36.29211],[-75.96952,36.2853],[-75.97222,36.28423],[-75.96744,36.28429],[-75.96897,36.28661],[-75.96645,36.28705],[-75.96092,36.28438],[-75.95815,36.28633],[-75.95749,36.28336],[-75.95451,36.28821],[-75.94907,36.28494],[-75.95302,36.28099],[-75.95076,36.27572],[-75.95978,36.27399],[-75.95976,36.2743],[-75.95881,36.27471],[-75.95824,36.27455],[-75.95771,36.27774],[-75.95999,36.27901],[-75.96164,36.27485],[-75.96071,36.27791],[-75.963,36.27796],[-75.96803,36.2643],[-75.96737,36.25689],[-75.95959,36.25113],[-75.96031,36.24582],[-75.94996,36.23615],[-75.94617,36.22505],[-75.95657,36.19736],[-75.95217,36.1918],[-75.94861,36.19312],[-75.94324,36.18891],[-75.941,36.18104],[-75.93248,36.17702],[-75.93497,36.17272],[-75.92989,36.17572],[-75.91745,36.17284],[-75.91248,36.16902],[-75.91307,36.16346],[-75.92521,36.1634],[-75.9791,36.17492],[-76.0175,36.18707],[-76.02696,36.20285],[-76.04353,36.21129],[-76.05198,36.23331],[-76.08129,36.23783],[-76.08499,36.2489],[-76.10182,36.25879],[-76.10485,36.27022],[-76.1277,36.28539],[-76.12928,36.29007],[-76.14648,36.28802],[-76.16348,36.29067],[-76.16563,36.29729],[-76.17339,36.30239],[-76.1962,36.29625],[-76.19935,36.29979],[-76.21652,36.29961],[-76.21622,36.30142],[-76.21213,36.3036],[-76.21258,36.30293],[-76.21263,36.30132],[-76.21202,36.30142],[-76.21243,36.30299],[-76.21077,36.3037],[-76.20511,36.30102],[-76.19363,36.30541],[-76.19496,36.30649],[-76.19715,36.30626],[-76.19861,36.30858],[-76.1986,36.31729],[-76.19343,36.31335],[-76.18208,36.31454],[-76.17892,36.31773],[-76.1814,36.31856],[-76.18044,36.32276],[-76.17646,36.32187],[-76.19253,36.32938],[-76.21535,36.32824],[-76.21715,36.33196],[-76.2131,36.33497],[-76.21692,36.33495],[-76.2128,36.34142],[-76.21481,36.34438],[-76.21083,36.34454],[-76.22672,36.34831],[-76.22391,36.35442],[-76.22956,36.36205],[-76.23075,36.37201],[-76.23569,36.37543],[-76.2359,36.37388],[-76.2345,36.37319],[-76.23928,36.37144],[-76.24379,36.36605],[-76.25739,36.36421],[-76.25993,36.36687],[-76.25622,36.37357],[-76.25897,36.37679],[-76.25692,36.38224],[-76.25892,36.38457],[-76.27151,36.38827],[-76.27934,36.38651],[-76.28483,36.38929],[-76.2872,36.38511],[-76.28841,36.38508],[-76.29047,36.38684],[-76.2915,36.38678],[-76.30165,36.40047],[-76.30245,36.40118],[-76.31041,36.40196],[-76.31027,36.40619],[-76.32306,36.41713],[-76.32249,36.41761],[-76.323,36.42025],[-76.32,36.42282],[-76.32139,36.42814],[-76.32029,36.42276],[-76.32315,36.4204],[-76.32362,36.41846],[-76.32274,36.41761],[-76.32309,36.4176],[-76.32328,36.41706],[-76.31465,36.40833],[-76.31053,36.40611],[-76.31089,36.40191],[-76.3086,36.40115],[-76.30419,36.4002],[-76.30232,36.40084],[-76.3006,36.3954],[-76.29187,36.38673],[-76.29136,36.38646],[-76.29055,36.38668],[-76.28883,36.38501],[-76.28755,36.38479],[-76.28693,36.38497],[-76.28595,36.38627],[-76.28503,36.38879],[-76.27943,36.38606],[-76.27172,36.38785],[-76.25794,36.38287],[-76.25949,36.3768],[-76.25669,36.37373],[-76.2606,36.36684],[-76.25777,36.36357],[-76.25438,36.36253],[-76.24347,36.36556],[-76.23757,36.37156],[-76.23189,36.37177],[-76.23341,36.36055],[-76.22769,36.35383],[-76.22939,36.34822],[-76.22515,36.34177],[-76.22281,36.34247],[-76.22429,36.33798],[-76.22362,36.33787],[-76.2232,36.34114],[-76.2202,36.33919],[-76.21574,36.34134],[-76.22233,36.33646],[-76.21864,36.33674],[-76.21897,36.33015],[-76.22211,36.32917],[-76.21831,36.32872],[-76.2214,36.32711],[-76.19149,36.32704],[-76.18274,36.32202],[-76.18356,36.31756],[-76.18915,36.31521],[-76.20146,36.31885],[-76.20384,36.30681],[-76.20919,36.30838],[-76.21827,36.30155],[-76.21877,36.29792],[-76.20571,36.29376],[-76.20091,36.28617],[-76.18966,36.28741],[-76.19248,36.28088],[-76.18929,36.28556],[-76.18907,36.28009],[-76.18179,36.27609],[-76.18171,36.27203],[-76.17256,36.26365],[-76.15627,36.26458],[-76.14515,36.25929],[-76.13526,36.24986],[-76.13451,36.24127],[-76.12427,36.22964],[-76.11721,36.21343],[-76.1064,36.21194],[-76.10353,36.20908],[-76.10597,36.20574],[-76.10237,36.20966],[-76.08031,36.19857],[-76.07734,36.19125],[-76.08255,36.18051],[-76.08606,36.18366],[-76.08788,36.17999],[-76.09675,36.18437],[-76.09506,36.17846],[-76.09945,36.17773],[-76.09873,36.1765],[-76.09754,36.17622],[-76.09515,36.17753],[-76.09422,36.1822],[-76.0879,36.17949],[-76.08486,36.18171],[-76.08639,36.17824],[-76.08662,36.17568],[-76.08628,36.17597],[-76.0858,36.17675],[-76.08609,36.17829],[-76.08502,36.17885],[-76.08534,36.17949],[-76.07872,36.17641],[-76.08327,36.16775],[-76.08263,36.1676],[-76.08051,36.16979],[-76.07874,36.17328],[-76.07903,36.17242],[-76.07888,36.17176],[-76.07628,36.16999],[-76.07435,36.16923],[-76.07397,36.16874],[-76.07412,36.16913],[-76.0781,36.17128],[-76.07883,36.17245],[-76.07319,36.1738],[-76.07796,36.17679],[-76.07289,36.17588],[-76.08025,36.17879],[-76.07622,36.18268],[-76.07333,36.17667],[-76.07522,36.18316],[-76.07203,36.17569],[-76.07268,36.17046],[-76.06116,36.15505],[-76.0667,36.15569],[-76.06311,36.15274],[-76.06747,36.15443],[-76.06374,36.15252],[-76.06052,36.15224],[-76.0616,36.14592],[-76.09554,36.13504],[-76.1254,36.13028],[-76.14214,36.1308],[-76.16547,36.1236],[-76.18771,36.12543],[-76.20908,36.1403],[-76.23227,36.16522],[-76.23415,36.17048],[-76.22953,36.17342],[-76.23181,36.17822],[-76.229,36.18738],[-76.21928,36.1877],[-76.22845,36.19107],[-76.23434,36.17852],[-76.23225,36.17279],[-76.24849,36.17509],[-76.24906,36.18392],[-76.24613,36.18552],[-76.26678,36.18796],[-76.26588,36.1903],[-76.26987,36.19178],[-76.26804,36.19564],[-76.27556,36.19896],[-76.2751,36.20322],[-76.28629,36.21213],[-76.28136,36.21407],[-76.28421,36.21709],[-76.2811,36.21802],[-76.28055,36.21559],[-76.27543,36.21742],[-76.27618,36.21988],[-76.28617,36.21721],[-76.28975,36.22141],[-76.29026,36.21782],[-76.28591,36.21539],[-76.29069,36.21217],[-76.28335,36.20242],[-76.28479,36.19766],[-76.27677,36.19377],[-76.27897,36.18715],[-76.27672,36.18],[-76.29497,36.17753],[-76.29912,36.17048],[-76.28622,36.17826],[-76.28195,36.17312],[-76.27961,36.17807],[-76.26968,36.17915],[-76.26804,36.17168],[-76.24644,36.15844],[-76.23718,36.14705],[-76.23668,36.13849],[-76.22731,36.12462],[-76.19333,36.10698],[-76.21632,36.09649],[-76.22893,36.10068],[-76.23984,36.10001],[-76.2467,36.10476],[-76.25209,36.10329],[-76.27523,36.11078],[-76.29106,36.12196],[-76.30886,36.12468],[-76.3223,36.13523],[-76.33674,36.13609],[-76.33947,36.13864],[-76.33564,36.1432],[-76.34717,36.13827],[-76.35921,36.14048],[-76.37325,36.1385],[-76.39229,36.16546],[-76.39114,36.17433],[-76.38636,36.17426],[-76.39006,36.1755],[-76.39286,36.18823],[-76.3908,36.17566],[-76.39666,36.16718],[-76.4202,36.18113],[-76.42686,36.18117],[-76.43805,36.19248],[-76.44558,36.19181],[-76.4449,36.19612],[-76.45656,36.19383],[-76.45445,36.19905],[-76.45649,36.20265],[-76.46568,36.19806],[-76.46866,36.19242],[-76.46637,36.20953],[-76.47342,36.20552],[-76.47564,36.21613],[-76.4792,36.21804],[-76.48361,36.21421],[-76.48637,36.21683],[-76.49043,36.21647],[-76.49314,36.20995],[-76.49832,36.21272],[-76.49905,36.21819],[-76.50824,36.21905],[-76.50798,36.22421],[-76.50029,36.22442],[-76.49649,36.22975],[-76.50823,36.23245],[-76.5109,36.23997],[-76.50856,36.23199],[-76.49715,36.22953],[-76.50053,36.22544],[-76.50878,36.22457],[-76.51092,36.22117],[-76.50914,36.21882],[-76.50549,36.21719],[-76.49929,36.2171],[-76.49922,36.2123],[-76.49335,36.2092],[-76.48954,36.21093],[-76.48926,36.21623],[-76.48346,36.21304],[-76.4794,36.21718],[-76.47528,36.2048],[-76.46798,36.20625],[-76.47048,36.19633],[-76.47474,36.19366],[-76.46916,36.19063],[-76.46365,36.19336],[-76.46325,36.18757],[-76.46894,36.18326],[-76.4723,36.17333],[-76.46862,36.17669],[-76.46839,36.1824],[-76.45694,36.18549],[-76.45215,36.17915],[-76.44167,36.17458],[-76.43608,36.16267],[-76.42488,36.1607],[-76.40261,36.1447],[-76.39643,36.13546],[-76.38587,36.13019],[-76.37755,36.11993],[-76.37217,36.11776],[-76.34653,36.12148],[-76.34562,36.11447],[-76.34048,36.11263],[-76.33949,36.10883],[-76.31449,36.10039],[-76.30537,36.10103],[-76.30248,36.09967],[-76.3038,36.09546],[-76.32269,36.08852],[-76.3247,36.08515],[-76.33274,36.08499],[-76.33994,36.08911],[-76.36871,36.08521],[-76.37403,36.08816],[-76.37426,36.08733],[-76.37349,36.08609],[-76.37718,36.08618],[-76.37397,36.08492],[-76.38194,36.08435],[-76.38212,36.08306],[-76.37963,36.08292],[-76.38539,36.081],[-76.38604,36.08617],[-76.38856,36.08541],[-76.3863,36.08138],[-76.38921,36.08164],[-76.38961,36.0853],[-76.3921,36.08182],[-76.39224,36.08667],[-76.3924,36.08189],[-76.40388,36.07937],[-76.41154,36.07231],[-76.40851,36.06763],[-76.42201,36.06296],[-76.45192,36.03961],[-76.46054,36.02478],[-76.50305,36.01398],[-76.51369,36.00642],[-76.55283,36.01213],[-76.57936,36.01065],[-76.60286,36.03635],[-76.60608,36.05613],[-76.61125,36.05603],[-76.61659,36.06136],[-76.62227,36.05534],[-76.62306,36.05934],[-76.62717,36.05741],[-76.62496,36.05291],[-76.61683,36.05458],[-76.62405,36.04496],[-76.63602,36.03751],[-76.6562,36.03687],[-76.67645,36.04517],[-76.68797,36.06049],[-76.69127,36.06755],[-76.68896,36.07912],[-76.69189,36.09069],[-76.68787,36.09593],[-76.68857,36.11022],[-76.68527,36.10959],[-76.68798,36.11237],[-76.69614,36.10886],[-76.70399,36.11151],[-76.71063,36.1277],[-76.71033,36.13491],[-76.72168,36.15157],[-76.71854,36.20077],[-76.71502,36.21353],[-76.71041,36.22289],[-76.70494,36.22402],[-76.7049,36.22528],[-76.70783,36.2252],[-76.70459,36.22965],[-76.69369,36.23645],[-76.69153,36.2467],[-76.67344,36.26807],[-76.67232,36.28258],[-76.68054,36.29893],[-76.67154,36.30334],[-76.68011,36.30124],[-76.68402,36.30542],[-76.685,36.30161],[-76.6891,36.30229],[-76.70004,36.30974],[-76.70865,36.32268],[-76.70642,36.32489],[-76.70816,36.32845],[-76.70485,36.33049],[-76.7094,36.3373],[-76.71472,36.33971],[-76.71736,36.33501],[-76.71376,36.33907],[-76.70889,36.33522],[-76.71054,36.3235],[-76.70326,36.31032],[-76.70609,36.31454],[-76.71095,36.3136],[-76.7072,36.31383],[-76.70634,36.31033],[-76.69995,36.30615],[-76.71367,36.31152],[-76.73247,36.32507],[-76.73441,36.33241],[-76.74448,36.33876],[-76.75798,36.35391],[-76.77237,36.35995],[-76.76907,36.36348],[-76.76979,36.36772],[-76.77159,36.36697],[-76.77148,36.36206],[-76.79585,36.36868],[-76.80006,36.36417],[-76.81953,36.36545],[-76.83347,36.37569],[-76.88127,36.38475],[-76.88994,36.39107],[-76.90659,36.39253],[-76.93241,36.40236],[-76.9451,36.41501],[-76.94315,36.44075],[-76.94722,36.45848],[-76.94521,36.46504],[-76.94897,36.46971],[-76.93229,36.47196],[-76.93396,36.48267],[-76.92238,36.48895],[-76.9191,36.49794],[-76.92135,36.50009],[-76.92569,36.48936],[-76.93582,36.48349],[-76.93785,36.47589],[-76.93468,36.47229],[-76.94742,36.47345],[-76.95114,36.47061],[-76.94838,36.46692],[-76.95039,36.4566],[-76.94688,36.44319],[-76.94882,36.41716],[-76.94086,36.40518],[-76.906,36.38653],[-76.89342,36.38776],[-76.88666,36.38213],[-76.84009,36.37157],[-76.82401,36.36317],[-76.79438,36.35688],[-76.77718,36.35924],[-76.77217,36.35266],[-76.75882,36.34769],[-76.74182,36.32414],[-76.72537,36.314],[-76.72348,36.30794],[-76.69952,36.29353],[-76.6989,36.272],[-76.70602,36.26587],[-76.70972,36.25475],[-76.7234,36.24272],[-76.72519,36.23071],[-76.73038,36.23448],[-76.72925,36.24399],[-76.73361,36.24147],[-76.73083,36.24008],[-76.7321,36.23701],[-76.74211,36.22714],[-76.74614,36.21327],[-76.75099,36.21063],[-76.75171,36.20235],[-76.74745,36.19753],[-76.7525,36.19228],[-76.75389,36.18536],[-76.75371,36.14262],[-76.73491,36.1044],[-76.72649,36.09618],[-76.73071,36.0722],[-76.71954,36.049],[-76.70651,36.04198],[-76.70367,36.01218],[-76.71082,36.00383],[-76.70265,36.00357],[-76.69774,36.00917],[-76.68546,36.00606],[-76.68207,35.99281],[-76.69489,35.97769],[-76.71941,35.9641],[-76.72624,35.94742],[-76.94838,36.02525],[-77.0639,36.24033],[-77.17102,36.10326],[-77.62681,36.26296],[-77.75875,36.40156],[-77.83489,36.30067],[-77.90532,36.33684],[-77.87106,36.47009],[-77.89796,36.507],[-77.89963,36.54456],[-77.70873,36.54534],[-77.6788,36.59763],[-77.94911,36.70613],[-78.04157,36.60045],[-78.18515,36.64332],[-78.4783,36.65664],[-78.54904,36.62616],[-78.57524,36.5412],[-78.68233,36.54207],[-78.7448,36.5253],[-78.77759,36.54169],[-79.0988,36.54186],[-79.1217,36.67948],[-79.17566,36.71917],[-79.39963,36.68329],[-79.45673,36.85652],[-79.38633,37.14705],[-79.2797,37.25436],[-79.18262,37.26388],[-78.98279,37.36838],[-78.9765,37.35019],[-78.92944,37.40474],[-78.81713,37.42759],[-78.79246,37.40555],[-78.77215,37.4056],[-78.76127,37.37769],[-78.67437,37.30005],[-78.62678,37.34954],[-78.54958,37.35324],[-78.54831,37.34648],[-78.53647,37.35046],[-78.51856,37.34408],[-78.51995,37.34116],[-78.52372,37.34302],[-78.52546,37.34076],[-78.51149,37.32972],[-78.49834,37.33364],[-78.48976,37.32956],[-78.4861,37.34064],[-78.47937,37.33425],[-78.47395,37.33417],[-78.46924,37.34155],[-78.45831,37.33429],[-78.44574,37.3347],[-78.43937,37.32331],[-78.4329,37.32712],[-78.41307,37.32418],[-78.52018,37.48469],[-78.61345,37.50373],[-78.60203,37.54942],[-78.42655,37.62577],[-78.42524,37.63714],[-78.41324,37.64666],[-78.39577,37.63916],[-78.36885,37.65088],[-78.37124,37.65855],[-78.35118,37.66051],[-78.24466,37.8474],[-78.24462,37.85859],[-78.22355,37.86569],[-78.20867,37.82513],[-78.18471,37.806],[-78.18604,37.78398],[-78.15783,37.75276],[-78.13185,37.84066],[-78.0519,37.87683],[-78.01143,37.84765],[-78.00112,37.85305],[-77.96388,37.81846],[-77.92871,37.82212],[-77.91536,37.80596],[-77.90003,37.77028],[-77.88879,37.76075],[-77.83344,37.75342],[-77.78433,37.72161],[-77.73773,37.71347],[-77.72634,37.73452],[-77.55264,37.81304],[-77.49553,37.82375],[-77.45508,37.81423],[-77.39752,37.77747],[-77.3739,37.77693],[-77.37144,37.78746],[-77.36569,37.78909],[-77.36669,37.79318],[-77.36243,37.79777],[-77.35359,37.79536],[-77.3489,37.78892],[-77.33208,37.79231],[-77.32921,37.78781],[-77.32968,37.77834],[-77.32183,37.77002],[-77.33751,37.76457],[-77.33559,37.75619],[-77.33113,37.75302],[-77.30343,37.75501],[-77.30105,37.75068],[-77.30387,37.74408],[-77.30776,37.74128],[-77.31244,37.74427],[-77.32043,37.74374],[-77.32261,37.73397],[-77.2932,37.73987],[-77.29715,37.72473],[-77.29214,37.71416],[-77.27946,37.71402],[-77.26964,37.72373],[-77.26289,37.71989],[-77.26018,37.71394],[-77.24732,37.70982],[-77.24397,37.71237],[-77.25036,37.71773],[-77.24759,37.72156],[-77.25203,37.72248],[-77.24544,37.73111],[-77.24218,37.72907],[-77.24347,37.72666],[-77.23643,37.72652],[-77.23362,37.72178],[-77.23538,37.71745],[-77.23022,37.7138],[-77.24375,37.69912],[-77.23687,37.69206],[-77.24127,37.68665],[-77.21395,37.68911],[-77.20862,37.68449],[-77.21288,37.68086],[-77.21129,37.67719],[-77.20241,37.67872],[-77.20227,37.68675],[-77.199,37.69005],[-77.18435,37.68709],[-77.18238,37.68074],[-77.18469,37.67618],[-77.18204,37.67411],[-77.19168,37.6665],[-77.18694,37.65819],[-77.16734,37.66062],[-77.16335,37.66841],[-77.15689,37.66558],[-77.15495,37.6689],[-77.15308,37.66443],[-77.14844,37.66391],[-77.14749,37.6754],[-77.14022,37.66824],[-77.14091,37.6653],[-77.13633,37.66715],[-77.13485,37.66338],[-77.11994,37.65988],[-77.11047,37.66362],[-77.10838,37.66022],[-77.07964,37.7475],[-77.04974,37.79281],[-76.92601,37.92368],[-76.9207,37.97607],[-76.90897,37.97247],[-76.89291,37.9749],[-76.87617,37.97174]],[[-76.96953,36.69758],[-76.96522,36.69427],[-76.96816,36.68507],[-76.96648,36.68045],[-76.94991,36.67919],[-76.94742,36.67587],[-76.96218,36.66752],[-76.93675,36.66028],[-76.91706,36.66075],[-76.91189,36.67248],[-76.9188,36.67438],[-76.91745,36.68023],[-76.92525,36.68213],[-76.91767,36.68734],[-76.91966,36.68909],[-76.9126,36.699],[-76.91582,36.70098],[-76.92618,36.69859],[-76.93021,36.70508],[-76.92574,36.70548],[-76.92649,36.70865],[-76.94953,36.70862],[-76.96671,36.70155],[-76.96953,36.69758]],[[-76.17779,36.31052],[-76.17682,36.31073],[-76.17896,36.31375],[-76.18161,36.31412],[-76.17779,36.31052]],[[-75.94331,36.72353],[-75.94916,36.71724],[-75.95023,36.72255],[-75.95505,36.72159],[-75.95718,36.71523],[-75.96143,36.71667],[-75.97272,36.71211],[-75.96748,36.70453],[-75.96808,36.70067],[-75.96658,36.70413],[-75.96396,36.7011],[-75.96091,36.70367],[-75.95677,36.70119],[-75.95436,36.7034],[-75.95079,36.7027],[-75.9529,36.69818],[-75.9536,36.70181],[-75.95699,36.70079],[-75.96028,36.69524],[-75.95531,36.69302],[-75.95653,36.69118],[-75.96155,36.68851],[-75.96146,36.69066],[-75.96802,36.69046],[-75.97009,36.68924],[-75.96581,36.68898],[-75.97034,36.68233],[-75.96884,36.6804],[-75.97855,36.67413],[-75.96838,36.66948],[-75.96986,36.66544],[-75.97629,36.66727],[-75.97995,36.66544],[-75.97086,36.66566],[-75.97469,36.661],[-75.97159,36.65935],[-75.97734,36.65506],[-75.98367,36.65619],[-75.97884,36.65216],[-75.98607,36.65283],[-75.98088,36.65099],[-75.97839,36.65219],[-75.97826,36.65352],[-75.97554,36.64594],[-75.98705,36.64464],[-75.98309,36.64333],[-75.98383,36.63922],[-75.98859,36.64023],[-75.98711,36.63882],[-75.99335,36.63528],[-75.98565,36.62439],[-75.99311,36.62333],[-75.98863,36.62236],[-75.98857,36.61693],[-75.98523,36.61441],[-75.99124,36.60868],[-75.98626,36.60378],[-75.98852,36.60012],[-75.98673,36.59167],[-75.98197,36.58563],[-75.98442,36.58262],[-75.98518,36.58465],[-75.99203,36.5905],[-75.99348,36.59066],[-75.98454,36.58253],[-75.99339,36.57207],[-75.99347,36.56774],[-75.99571,36.56812],[-75.99313,36.56484],[-75.99544,36.56473],[-75.99024,36.5616],[-75.98919,36.55483],[-75.98426,36.55313],[-75.98343,36.54884],[-75.97772,36.54697],[-75.97658,36.54239],[-75.96628,36.53876],[-75.96291,36.53923],[-75.96178,36.54361],[-75.96147,36.54985],[-75.96644,36.55639],[-75.9638,36.56055],[-75.963,36.55681],[-75.95413,36.55738],[-75.95607,36.55375],[-75.9467,36.55512],[-75.94425,36.5607],[-75.94462,36.55509],[-75.94128,36.55497],[-75.94026,36.56198],[-75.93512,36.55887],[-75.93609,36.56162],[-75.92903,36.56239],[-75.92718,36.56761],[-75.92384,36.56828],[-75.92043,36.55829],[-75.91059,36.55067],[-75.89471,36.54857],[-75.89244,36.55041],[-75.90036,36.5545],[-75.89989,36.5632],[-75.89255,36.55791],[-75.89229,36.55869],[-75.89963,36.56407],[-75.9013,36.56258],[-75.90002,36.56951],[-75.89457,36.5622],[-75.88841,36.55987],[-75.88604,36.55406],[-75.88407,36.55512],[-75.89764,36.57098],[-75.88237,36.56357],[-75.88617,36.56577],[-75.8865,36.57198],[-75.89157,36.58305],[-75.89719,36.58684],[-75.89373,36.58751],[-75.89697,36.58974],[-75.88734,36.59174],[-75.88888,36.59572],[-75.89369,36.59673],[-75.89105,36.60108],[-75.89529,36.59911],[-75.89313,36.60346],[-75.89833,36.60216],[-75.89604,36.60857],[-75.90867,36.61406],[-75.90285,36.61692],[-75.90044,36.6194],[-75.90793,36.61606],[-75.9062,36.61762],[-75.91289,36.62132],[-75.90569,36.62723],[-75.91418,36.62738],[-75.90718,36.62903],[-75.90608,36.63159],[-75.91344,36.63016],[-75.91789,36.63889],[-75.9111,36.64177],[-75.91188,36.64478],[-75.91708,36.64236],[-75.91573,36.64455],[-75.91844,36.64394],[-75.91872,36.6451],[-75.91301,36.64676],[-75.91286,36.65012],[-75.91396,36.64885],[-75.9189,36.64879],[-75.91399,36.65254],[-75.91879,36.6541],[-75.91483,36.655],[-75.91451,36.65596],[-75.91945,36.6552],[-75.91618,36.65718],[-75.91899,36.65839],[-75.9146,36.65834],[-75.91817,36.65964],[-75.9173,36.66272],[-75.91319,36.66393],[-75.91611,36.66641],[-75.91499,36.66972],[-75.92201,36.66844],[-75.91693,36.67183],[-75.91833,36.67415],[-75.92052,36.67159],[-75.91988,36.67451],[-75.91737,36.6748],[-75.92023,36.67598],[-75.92628,36.69278],[-75.92979,36.69206],[-75.93073,36.69301],[-75.92773,36.69733],[-75.93097,36.69751],[-75.92957,36.69876],[-75.93024,36.7009],[-75.93132,36.69804],[-75.93314,36.69943],[-75.93007,36.70145],[-75.92786,36.69785],[-75.92947,36.70198],[-75.93321,36.70102],[-75.93321,36.70372],[-75.92989,36.70294],[-75.93082,36.70528],[-75.93463,36.70412],[-75.93111,36.70622],[-75.93381,36.7074],[-75.9325,36.70961],[-75.9337,36.7126],[-75.93491,36.70755],[-75.93964,36.71078],[-75.9375,36.71413],[-75.9341,36.71361],[-75.93941,36.71596],[-75.9369,36.71936],[-75.94081,36.71725],[-75.93677,36.72049],[-75.93892,36.72572],[-75.93915,36.72108],[-75.94331,36.72353]]]]}},{"type":"Feature","properties":{"aid":"oncor","eia_id":"44372","name":"ONCOR ELECTRIC DELIVERY COMPANY LLC","type":"INVESTOR OWNED"},"geometry":{"type":"MultiPolygon","coordinates":[[[[-97.98532,26.61576],[-97.95717,26.61167],[-97.9643,26.56875],[-97.96839,26.56908],[-97.97027,26.5523],[-97.96383,26.53365],[-97.98412,26.53668],[-97.99226,26.49132],[-97.99655,26.49194],[-98.00415,26.44886],[-97.90824,26.43318],[-97.86172,26.43333],[-97.86171,26.07015],[-97.86865,26.05698],[-97.87721,26.06487],[-97.88711,26.06668],[-97.89075,26.0604],[-97.90105,26.06125],[-97.91116,26.05639],[-97.91892,26.05822],[-97.92711,26.05489],[-97.93327,26.06564],[-97.93729,26.06237],[-97.93137,26.0576],[-97.93305,26.05314],[-97.95114,26.06219],[-97.9666,26.05172],[-97.97891,26.05903],[-97.98036,26.06737],[-97.98777,26.06604],[-97.99175,26.05823],[-97.99679,26.06455],[-98.00375,26.06465],[-98.01193,26.05613],[-98.01189,26.06603],[-98.02096,26.05865],[-98.02815,26.06699],[-98.03283,26.06255],[-98.03873,26.04142],[-98.06185,26.04637],[-98.07085,26.0371],[-98.07678,26.03633],[-98.08015,26.04182],[-98.07205,26.0444],[-98.0701,26.05115],[-98.08035,26.07117],[-98.08578,26.06994],[-98.08115,26.06623],[-98.08211,26.06379],[-98.09403,26.05871],[-98.10479,26.06766],[-98.12501,26.06194],[-98.13006,26.06323],[-98.12823,26.07263],[-98.13219,26.07422],[-98.13667,26.07073],[-98.14012,26.05594],[-98.14672,26.0491],[-98.1512,26.05812],[-98.16184,26.05399],[-98.15817,26.06369],[-98.16792,26.06303],[-98.17677,26.07527],[-98.17979,26.07348],[-98.18066,26.06658],[-98.17716,26.06062],[-98.18731,26.06432],[-98.1941,26.0532],[-98.19887,26.05567],[-98.20459,26.06631],[-98.21264,26.06891],[-98.22058,26.07642],[-98.23078,26.0771],[-98.24972,26.07239],[-98.25149,26.07863],[-98.26357,26.08448],[-98.26722,26.09228],[-98.28806,26.10427],[-98.28256,26.10774],[-98.27049,26.10647],[-98.27191,26.11371],[-98.26588,26.11692],[-98.26595,26.12073],[-98.27458,26.11585],[-98.29642,26.12046],[-98.30358,26.11022],[-98.29768,26.10315],[-98.30584,26.1032],[-98.30983,26.11406],[-98.32178,26.11876],[-98.33526,26.13775],[-98.33481,26.1412],[-98.32671,26.14301],[-98.33777,26.14899],[-98.33848,26.15271],[-98.33322,26.15928],[-98.33611,26.16617],[-98.34601,26.16617],[-98.35109,26.15136],[-98.35824,26.15844],[-98.35956,26.17257],[-98.36725,26.16858],[-98.36418,26.16213],[-98.36579,26.158],[-98.38647,26.1577],[-98.39292,26.16731],[-98.40177,26.17086],[-98.4025,26.18143],[-98.41584,26.18341],[-98.42493,26.19135],[-98.44397,26.20058],[-98.43873,26.21344],[-98.44412,26.2243],[-98.44953,26.22349],[-98.4543,26.21681],[-98.45962,26.22629],[-98.47134,26.2207],[-98.48171,26.21972],[-98.48305,26.215],[-98.47748,26.20376],[-98.48123,26.20084],[-98.48483,26.21256],[-98.50701,26.20929],[-98.50091,26.22262],[-98.51363,26.22731],[-98.52402,26.22096],[-98.52712,26.22668],[-98.52178,26.23209],[-98.52233,26.23574],[-98.53509,26.22556],[-98.54367,26.24376],[-98.55678,26.24802],[-98.55841,26.24458],[-98.54687,26.24177],[-98.54567,26.23716],[-98.55665,26.23134],[-98.56176,26.22415],[-98.56466,26.22733],[-98.56551,26.24114],[-98.57303,26.23976],[-98.57823,26.23374],[-98.58486,26.2437],[-98.5792,26.2518],[-98.58643,26.25782],[-98.58527,26.26031],[-98.48584,26.45779],[-98.39351,26.63211],[-98.32057,26.78302],[-97.98546,26.78094],[-97.98532,26.61576]]],[[[-99.31932,34.40709],[-99.29553,34.41351],[-99.28052,34.40015],[-99.26366,34.40077],[-99.26256,34.39127],[-99.27461,34.38794],[-99.27524,34.38434],[-99.26271,34.37793],[-99.25714,34.37064],[-99.24644,34.37363],[-99.24486,34.36917],[-99.24919,34.36414],[-99.24434,34.36125],[-99.23476,34.36227],[-99.2352,34.35153],[-99.23247,34.34711],[-99.22105,34.34433],[-99.21245,34.34761],[-99.21671,34.34311],[-99.21643,34.33881],[-99.20775,34.33032],[-99.20723,34.32407],[-99.19443,34.32384],[-99.20392,34.30302],[-99.19398,34.30208],[-99.19313,34.29613],[-99.19684,34.29344],[-99.20782,34.29475],[-99.21031,34.28871],[-99.20589,34.28204],[-99.19257,34.27837],[-99.20061,34.26065],[-99.19223,34.25768],[-99.19696,34.24368],[-99.19267,34.23306],[-99.19388,34.22279],[-99.18945,34.21643],[-99.18338,34.21884],[-99.17958,34.2267],[-99.17523,34.22363],[-99.17441,34.21147],[-99.1577,34.20683],[-99.14815,34.20866],[-99.13713,34.21786],[-99.13127,34.21205],[-99.13107,34.20509],[-99.12099,34.20103],[-99.11272,34.2054],[-99.10419,34.20461],[-99.09695,34.2106],[-99.08813,34.20833],[-99.07794,34.21114],[-99.06485,34.20721],[-99.05821,34.20024],[-99.04576,34.19772],[-99.03757,34.19965],[-99.03006,34.19582],[-99.01749,34.2058],[-99.00589,34.20639],[-99.00139,34.21027],[-99.00374,34.21504],[-98.99063,34.21996],[-98.9827,34.21686],[-98.97519,34.20476],[-98.96785,34.20088],[-98.95778,34.20926],[-98.95009,34.19629],[-98.93413,34.19273],[-98.93242,34.18315],[-98.92502,34.18445],[-98.91455,34.17151],[-98.89996,34.17177],[-98.89502,34.16107],[-98.90132,34.15543],[-98.89561,34.1474],[-98.89015,34.14771],[-98.88992,34.15247],[-98.88026,34.15526],[-98.87022,34.14771],[-98.85005,34.15024],[-98.84357,34.1429],[-98.82414,34.14413],[-98.81194,34.13908],[-98.79723,34.13916],[-98.77885,34.13335],[-98.763,34.1226],[-98.74028,34.11539],[-98.69896,34.12674],[-98.67332,34.1391],[-98.66335,34.14667],[-98.65862,34.15616],[-98.65079,34.16292],[-98.64362,34.16353],[-98.62463,34.1582],[-98.62215,34.15169],[-98.61456,34.14926],[-98.59572,34.1515],[-98.59151,34.14429],[-98.56845,34.13478],[-98.56563,34.12662],[-98.55544,34.11517],[-98.54399,34.10736],[-98.53822,34.10838],[-98.528,34.0946],[-98.50388,34.07211],[-98.49359,34.06973],[-98.48224,34.06198],[-98.47116,34.06581],[-98.46466,34.07381],[-98.44759,34.07355],[-98.44109,34.08354],[-98.42998,34.08519],[-98.41852,34.08221],[-98.41396,34.08513],[-98.40909,34.09387],[-98.41103,34.10008],[-98.3996,34.10002],[-98.39772,34.12526],[-98.38083,34.12968],[-98.38255,34.13797],[-98.36765,34.15535],[-98.33505,34.1521],[-98.2999,34.13466],[-98.28676,34.13136],[-98.26265,34.12895],[-98.23935,34.13321],[-98.20135,34.1165],[-98.16939,34.1144],[-98.15369,34.12306],[-98.12927,34.14984],[-98.1198,34.15411],[-98.10966,34.15373],[-98.10381,34.14864],[-98.10754,34.13286],[-98.1042,34.11218],[-98.11885,34.09457],[-98.12061,34.07242],[-98.11221,34.05844],[-98.09023,34.04608],[-98.1078,34.03712],[-98.09244,34.01039],[-98.08447,34.00253],[-98.04044,33.99281],[-98.00838,33.99461],[-97.98213,34.00304],[-97.96678,33.98801],[-97.95033,33.99014],[-97.9478,33.98433],[-97.9567,33.96017],[-97.96298,33.95071],[-97.97444,33.94243],[-97.97284,33.93713],[-97.95337,33.93173],[-97.95413,33.92358],[-97.96153,33.91286],[-97.97914,33.91112],[-97.98436,33.89665],[-97.96867,33.88179],[-97.93381,33.87657],[-97.89322,33.85521],[-97.87253,33.84857],[-97.83389,33.85683],[-97.81812,33.87193],[-97.80507,33.87595],[-97.79742,33.89275],[-97.79277,33.89473],[-97.78378,33.89018],[-97.77863,33.89879],[-97.78069,33.90874],[-97.77521,33.91252],[-97.76344,33.91306],[-97.75929,33.91693],[-97.76103,33.9325],[-97.72876,33.938],[-97.71063,33.95287],[-97.69165,33.98331],[-97.67302,33.9897],[-97.65689,33.98824],[-97.63472,33.98079],[-97.59192,33.9538],[-97.59761,33.91663],[-97.58707,33.90158],[-97.55473,33.89661],[-97.52138,33.91251],[-97.49884,33.91629],[-97.48315,33.91434],[-97.46251,33.90346],[-97.45258,33.89331],[-97.45074,33.88115],[-97.46336,33.84132],[-97.45346,33.82811],[-97.4268,33.81856],[-97.38885,33.81548],[-97.37112,33.81943],[-97.35629,33.83177],[-97.34637,33.84573],[-97.33969,33.85808],[-97.33676,33.87462],[-97.33058,33.87387],[-97.33539,33.85695],[-97.32724,33.8553],[-97.31184,33.86986],[-97.30981,33.8868],[-97.30502,33.88597],[-97.27829,33.86411],[-97.25607,33.86258],[-97.24867,33.875],[-97.24345,33.90369],[-97.22694,33.91341],[-97.21385,33.91362],[-97.19296,33.90469],[-97.18294,33.89597],[-97.16695,33.8488],[-97.17084,33.83842],[-97.19603,33.8309],[-97.20515,33.81895],[-97.20479,33.79958],[-97.18973,33.77513],[-97.1937,33.76016],[-97.18028,33.75206],[-97.17725,33.74184],[-97.15984,33.72697],[-97.13525,33.71756],[-97.12033,33.71689],[-97.10619,33.72112],[-97.09413,33.72885],[-97.08659,33.74081],[-97.0847,33.767],[-97.09421,33.79596],[-97.08809,33.80756],[-97.07664,33.81284],[-97.04712,33.81822],[-97.04675,33.82611],[-97.05537,33.83569],[-97.08958,33.84259],[-97.08746,33.8526],[-97.06532,33.85994],[-97.05586,33.85538],[-97.04378,33.83818],[-97.02477,33.8432],[-96.99936,33.86742],[-96.98503,33.88687],[-96.98497,33.90512],[-96.99538,33.93277],[-96.99597,33.94292],[-96.99242,33.95055],[-96.97942,33.9558],[-96.97914,33.93973],[-96.97382,33.93555],[-96.92209,33.95949],[-96.91087,33.9534],[-96.9025,33.94319],[-96.89609,33.91525],[-96.89575,33.89717],[-96.88222,33.86775],[-96.87448,33.85968],[-96.85936,33.84898],[-96.85028,33.84709],[-96.84293,33.85066],[-96.84084,33.86661],[-96.83244,33.87419],[-96.79575,33.8688],[-96.7811,33.85991],[-96.77072,33.83064],[-96.76262,33.82472],[-96.71469,33.83118],[-96.70001,33.83856],[-96.68495,33.8624],[-96.68199,33.89392],[-96.67033,33.91475],[-96.65822,33.91539],[-96.62999,33.89485],[-96.58885,33.8947],[-96.5856,33.89015],[-96.58786,33.88393],[-96.62773,33.85405],[-96.62811,33.84492],[-96.59113,33.83011],[-96.5719,33.81892],[-96.5278,33.82204],[-96.51807,33.80794],[-96.51567,33.78795],[-96.50169,33.77344],[-96.4593,33.77504],[-96.44579,33.78091],[-96.42291,33.77597],[-96.40958,33.75244],[-96.36558,33.71535],[-96.36048,33.70318],[-96.35929,33.6888],[-96.35085,33.68595],[-96.34088,33.68721],[-96.32841,33.69775],[-96.31529,33.70138],[-96.30621,33.72333],[-96.30956,33.74094],[-96.29547,33.76662],[-96.28268,33.77004],[-96.26274,33.76704],[-96.23632,33.75531],[-96.23362,33.75038],[-96.18664,33.75497],[-96.16858,33.77156],[-96.1654,33.80772],[-96.14223,33.82181],[-96.11695,33.82757],[-96.10707,33.83848],[-96.08928,33.83683],[-96.08876,33.84553],[-96.09505,33.85329],[-96.09284,33.85667],[-96.08698,33.85558],[-96.07379,33.841],[-96.06749,33.8381],[-96.0451,33.84227],[-96.04259,33.84099],[-96.04437,33.84074],[-96.04144,33.83958],[-96.03134,33.84695],[-96.03054,33.86106],[-96.02441,33.86484],[-96.01806,33.86417],[-96.01894,33.84581],[-96.01412,33.84271],[-95.97998,33.85453],[-95.94271,33.86102],[-95.93135,33.8845],[-95.91719,33.8797],[-95.86896,33.85301],[-95.85832,33.85078],[-95.84474,33.83859],[-95.83592,33.83535],[-95.82927,33.83488],[-95.81869,33.8416],[-95.81973,33.85878],[-95.80383,33.86152],[-95.78626,33.85715],[-95.77066,33.84446],[-95.76002,33.84827],[-95.7514,33.85559],[-95.75085,33.86068],[-95.76246,33.87698],[-95.75344,33.89326],[-95.73903,33.89664],[-95.7245,33.89398],[-95.71337,33.88471],[-95.69705,33.88541],[-95.6788,33.89333],[-95.66396,33.90909],[-95.65185,33.91004],[-95.63772,33.90391],[-95.62853,33.90496],[-95.62016,33.92045],[-95.60688,33.93118],[-95.59737,33.93278],[-95.59613,33.9404],[-95.59243,33.94257],[-95.58109,33.93266],[-95.56553,33.93328],[-95.5559,33.92875],[-95.55147,33.92002],[-95.54767,33.89627],[-95.53313,33.89366],[-95.52583,33.89705],[-95.5211,33.90535],[-95.51686,33.905],[-95.52122,33.89407],[-95.54767,33.88913],[-95.54987,33.88518],[-95.54461,33.87981],[-95.53064,33.88167],[-95.50952,33.89758],[-95.50533,33.89459],[-95.50527,33.87606],[-95.48796,33.87557],[-95.47703,33.87913],[-95.47049,33.886],[-95.46102,33.88707],[-95.45613,33.88427],[-95.4503,33.87],[-95.43721,33.86458],[-95.42251,33.87236],[-95.40452,33.86288],[-95.39203,33.86462],[-95.38126,33.87072],[-95.36185,33.8669],[-95.35834,33.87247],[-95.33359,33.87761],[-95.32625,33.88973],[-95.31906,33.88818],[-95.3105,33.87649],[-95.29102,33.87257],[-95.28047,33.87675],[-95.27925,33.88258],[-95.28395,33.89931],[-95.27925,33.90839],[-95.26978,33.9055],[-95.26778,33.90184],[-95.26799,33.88609],[-95.26384,33.88564],[-95.25316,33.89429],[-95.24788,33.91294],[-95.25087,33.93587],[-95.23566,33.94595],[-95.2294,33.95969],[-95.22513,33.96201],[-95.18895,33.95166],[-95.16505,33.93874],[-95.12764,33.93556],[-95.11977,33.92935],[-95.11989,33.9201],[-95.12547,33.909],[-95.12157,33.90427],[-95.08958,33.92058],[-95.08325,33.92018],[-95.07967,33.91553],[-95.08098,33.90945],[-95.09892,33.89694],[-95.09283,33.88734],[-95.0789,33.88322],[-95.07097,33.88741],[-95.06984,33.89282],[-95.07652,33.90834],[-95.0612,33.90337],[-95.05788,33.89799],[-95.0554,33.87778],[-95.03291,33.86121],[-95.02455,33.85956],[-95.007,33.86557],[-94.98755,33.85101],[-94.9827,33.85207],[-94.97473,33.86156],[-94.97031,33.86185],[-94.96448,33.83688],[-94.94398,33.82928],[-94.95338,33.81656],[-94.94936,33.80974],[-94.9417,33.80594],[-94.92345,33.80882],[-94.92712,33.82755],[-94.92009,33.82825],[-94.91144,33.81631],[-94.92142,33.79874],[-94.92197,33.79071],[-94.91103,33.77811],[-94.88712,33.76845],[-94.87521,33.75693],[-94.87471,33.76964],[-94.86873,33.76932],[-94.86713,33.76231],[-94.8759,33.75531],[-94.87651,33.75146],[-94.86156,33.74242],[-94.84952,33.73955],[-94.828,33.74091],[-94.8275,33.73401],[-94.82231,33.73267],[-94.82156,33.7437],[-94.83105,33.75977],[-94.82281,33.76929],[-94.81813,33.76688],[-94.81653,33.75348],[-94.81253,33.75011],[-94.81674,33.73972],[-94.80453,33.73312],[-94.7804,33.74477],[-94.77254,33.75998],[-94.76033,33.75832],[-94.75812,33.74959],[-94.76491,33.74605],[-94.77756,33.74608],[-94.78848,33.73636],[-94.77995,33.72975],[-94.77049,33.72765],[-94.76072,33.72767],[-94.75181,33.73381],[-94.74775,33.72522],[-94.75795,33.71739],[-94.75137,33.71354],[-94.74645,33.71579],[-94.74296,33.72631],[-94.73548,33.72627],[-94.73282,33.72214],[-94.73645,33.71606],[-94.75378,33.70864],[-94.74611,33.70076],[-94.74684,33.32911],[-94.7526,33.31925],[-94.7615,33.31756],[-94.76019,33.32072],[-94.76361,33.32323],[-94.77354,33.31848],[-94.78162,33.31892],[-94.78007,33.32089],[-94.77605,33.32053],[-94.78441,33.32409],[-94.77963,33.32794],[-94.78086,33.33101],[-94.77694,33.33205],[-94.7817,33.33803],[-94.78279,33.33502],[-94.78965,33.33799],[-94.78777,33.34318],[-94.78161,33.34351],[-94.78583,33.34353],[-94.78539,33.34928],[-94.79011,33.34505],[-94.79104,33.34889],[-94.79714,33.3482],[-94.79434,33.354],[-94.79795,33.3558],[-94.79563,33.3613],[-94.80801,33.36613],[-94.81495,33.3628],[-94.81575,33.36679],[-94.81198,33.3686],[-94.81614,33.37125],[-94.81201,33.37177],[-94.81225,33.37512],[-94.82777,33.37888],[-94.83373,33.384],[-94.83528,33.37902],[-94.84479,33.38359],[-94.84343,33.38105],[-94.84653,33.37894],[-94.84982,33.38383],[-94.85121,33.3802],[-94.85787,33.38168],[-94.8575,33.37666],[-94.86467,33.37993],[-94.8637,33.38264],[-94.86958,33.38369],[-94.86592,33.38555],[-94.8701,33.38604],[-94.86914,33.3891],[-94.87382,33.39208],[-94.87706,33.39129],[-94.87633,33.39439],[-94.88976,33.39882],[-94.88994,33.39484],[-94.89484,33.39242],[-94.89856,33.39415],[-94.8992,33.39007],[-94.90422,33.38968],[-94.9083,33.38353],[-94.91086,33.388],[-94.91341,33.38427],[-94.91636,33.38799],[-94.92717,33.38378],[-94.93193,33.38867],[-94.93549,33.38583],[-94.93558,33.38956],[-94.9524,33.39039],[-94.952,33.39502],[-94.95579,33.39675],[-94.95524,33.39347],[-94.9667,33.38814],[-94.97438,33.38748],[-94.97743,33.39009],[-94.98233,33.38725],[-94.9809,33.39121],[-94.98322,33.39239],[-94.98633,33.38868],[-94.9936,33.39164],[-94.99448,33.38851],[-94.99905,33.39178],[-95.00301,33.39033],[-95.00017,33.39418],[-95.00457,33.39541],[-95.01681,33.39105],[-95.01517,33.38655],[-95.02026,33.38355],[-95.02891,33.07355],[-95.04447,33.07024],[-95.04775,33.0662],[-95.04626,33.06301],[-95.0545,33.06146],[-95.05774,33.05501],[-95.07831,33.05211],[-95.0801,33.04673],[-95.10302,33.03286],[-95.11376,33.03045],[-95.11499,33.03395],[-95.12231,33.0357],[-95.12873,33.03386],[-95.13111,33.02985],[-95.13714,33.03076],[-95.15352,33.01227],[-95.15197,33.0027],[-95.15647,33.00113],[-95.15773,32.99451],[-95.16218,32.99404],[-95.16219,32.98062],[-95.17389,32.96891],[-95.17583,32.96469],[-95.173,32.96182],[-95.66529,32.96035],[-95.63464,32.71697],[-95.62926,32.71673],[-95.62565,32.70846],[-95.62075,32.70814],[-95.62092,32.71025],[-95.61365,32.70534],[-95.60503,32.7049],[-95.60414,32.69636],[-95.59311,32.69319],[-95.59516,32.69038],[-95.59262,32.68805],[-95.59525,32.68743],[-95.59237,32.68256],[-95.58442,32.68193],[-95.58229,32.67388],[-95.57103,32.67592],[-95.57172,32.67292],[-95.56702,32.67334],[-95.56296,32.6664],[-95.56522,32.66507],[-95.54217,32.65494],[-95.54211,32.64684],[-95.53056,32.64756],[-95.52477,32.64402],[-95.51758,32.63358],[-95.51181,32.63278],[-95.51388,32.63087],[-95.51075,32.62698],[-95.51569,32.62563],[-95.51474,32.62278],[-95.49089,32.61753],[-95.4905,32.61435],[-95.47821,32.6119],[-95.47475,32.60611],[-95.46998,32.60944],[-95.46727,32.60876],[-95.46906,32.60565],[-95.46105,32.60964],[-95.45914,32.60573],[-95.44297,32.6076],[-95.44655,32.61376],[-95.43797,32.61025],[-95.43525,32.61212],[-95.4371,32.60903],[-95.43208,32.60587],[-95.42865,32.61028],[-95.42487,32.60719],[-95.41887,32.60892],[-95.41901,32.60528],[-95.40423,32.60676],[-95.40549,32.60376],[-95.40183,32.60339],[-95.40221,32.6062],[-95.39946,32.60642],[-95.38984,32.59896],[-95.38363,32.60217],[-95.38181,32.59847],[-95.37537,32.59741],[-95.37479,32.60294],[-95.37028,32.60487],[-95.36375,32.60338],[-95.35788,32.60807],[-95.34746,32.6051],[-95.34596,32.60914],[-95.34409,32.60369],[-95.33128,32.60571],[-95.31897,32.59553],[-95.3106,32.59323],[-95.30716,32.59674],[-95.30624,32.59224],[-95.29784,32.59165],[-95.29956,32.58926],[-95.29503,32.58498],[-95.28981,32.58527],[-95.29049,32.58094],[-95.28122,32.57996],[-95.27811,32.57166],[-95.24796,32.57583],[-95.24625,32.56949],[-95.24255,32.56876],[-95.24459,32.56713],[-95.23805,32.5606],[-95.22792,32.56026],[-95.22302,32.56593],[-95.21883,32.56316],[-95.21474,32.56899],[-95.20835,32.56867],[-95.20514,32.57243],[-95.20307,32.56817],[-95.20543,32.56718],[-95.20205,32.56426],[-95.2064,32.55816],[-95.18915,32.54662],[-95.18972,32.54214],[-95.18363,32.54094],[-95.17572,32.5554],[-95.16806,32.54417],[-95.16434,32.54508],[-95.15964,32.5503],[-95.16251,32.55426],[-95.15824,32.56643],[-95.1503,32.57226],[-95.14101,32.56015],[-95.13992,32.54995],[-95.13522,32.54786],[-95.12207,32.54977],[-95.11924,32.54248],[-95.11116,32.5517],[-95.09908,32.55238],[-95.09765,32.54961],[-95.09861,32.55583],[-95.09344,32.55772],[-95.08466,32.55778],[-95.08496,32.55293],[-95.07893,32.55595],[-95.08382,32.54252],[-95.07546,32.53708],[-95.07147,32.5411],[-95.06632,32.53771],[-95.05598,32.54062],[-95.0513,32.53818],[-95.04473,32.54221],[-95.04625,32.53881],[-95.04128,32.53223],[-95.02479,32.53702],[-95.02808,32.5407],[-95.02648,32.54606],[-95.02101,32.54672],[-95.01507,32.54289],[-95.01535,32.53255],[-95.02236,32.52171],[-95.01145,32.51646],[-94.99847,32.52199],[-94.98616,32.53736],[-94.98548,32.25001],[-94.8991,32.2513],[-94.89874,32.18205],[-94.58025,32.18175],[-94.58263,32.14951],[-94.60166,32.07956],[-94.60006,31.97327],[-94.51129,31.97373],[-94.51122,31.92412],[-94.50446,31.92032],[-94.50344,31.91457],[-94.49847,31.91499],[-94.4997,31.91316],[-94.49152,31.91086],[-94.48749,31.90374],[-94.4806,31.90214],[-94.48009,31.89349],[-94.47553,31.88972],[-94.47776,31.88636],[-94.4662,31.87927],[-94.46224,31.87214],[-94.45918,31.86332],[-94.46397,31.8566],[-94.45709,31.85233],[-94.4563,31.84804],[-94.45367,31.84905],[-94.453,31.84168],[-94.44491,31.83243],[-94.43393,31.82464],[-94.43252,31.81299],[-94.42787,31.80939],[-94.43046,31.80591],[-94.42413,31.80021],[-94.4286,31.78964],[-94.42727,31.77734],[-94.4324,31.77517],[-94.42018,31.76496],[-94.42232,31.76102],[-94.41644,31.75662],[-94.41831,31.75275],[-94.41405,31.75192],[-94.41636,31.74843],[-94.41249,31.74636],[-94.41496,31.7295],[-94.4128,31.72822],[-94.41572,31.72441],[-94.41279,31.71544],[-94.41506,31.71559],[-94.41688,31.70605],[-94.41103,31.70164],[-94.41259,31.69805],[-94.40694,31.69529],[-94.40992,31.69076],[-94.40375,31.68157],[-94.40701,31.66512],[-94.39831,31.6612],[-94.4039,31.65949],[-94.40189,31.65577],[-94.39767,31.65565],[-94.39984,31.64938],[-94.39509,31.64751],[-94.3976,31.64375],[-94.39536,31.63875],[-94.38878,31.63741],[-94.38726,31.64022],[-94.37862,31.63575],[-94.37463,31.63899],[-94.36969,31.63257],[-94.36617,31.63322],[-94.36449,31.63017],[-94.3679,31.62791],[-94.36481,31.62588],[-94.3673,31.62408],[-94.35671,31.62262],[-94.35819,31.62009],[-94.35445,31.61673],[-94.35651,31.61547],[-94.35204,31.61443],[-94.35043,31.60648],[-94.3461,31.60831],[-94.34222,31.60579],[-94.33999,31.60879],[-94.3365,31.60101],[-94.33367,31.60277],[-94.33431,31.60053],[-94.33087,31.60112],[-94.33185,31.59899],[-94.32741,31.59652],[-94.32799,31.59198],[-94.31088,31.58919],[-94.31339,31.58362],[-94.31059,31.5795],[-94.31384,31.57861],[-94.31359,31.57569],[-94.31058,31.57655],[-94.30898,31.57114],[-94.30544,31.57115],[-94.30836,31.56936],[-94.30479,31.56384],[-94.30861,31.55173],[-94.30368,31.54678],[-94.30655,31.54733],[-94.30531,31.53881],[-94.30766,31.53822],[-94.30237,31.53388],[-94.30707,31.53084],[-94.30004,31.5269],[-94.3075,31.5254],[-94.30661,31.52284],[-94.30942,31.5242],[-94.30657,31.52018],[-94.31013,31.51702],[-94.30596,31.51865],[-94.3068,31.51659],[-94.31049,31.51602],[-94.30905,31.51468],[-94.30427,31.51481],[-94.30215,31.50528],[-94.30467,31.50562],[-94.30542,31.49663],[-94.31165,31.49437],[-94.30759,31.49231],[-94.31613,31.49583],[-94.31393,31.4863],[-94.31724,31.48508],[-94.31912,31.47892],[-94.31414,31.47306],[-94.31661,31.47113],[-94.31187,31.46878],[-94.31511,31.46444],[-94.3135,31.45572],[-94.31618,31.45687],[-94.318,31.45323],[-94.31507,31.45227],[-94.31819,31.4502],[-94.31552,31.4472],[-94.32095,31.44494],[-94.3215,31.44019],[-94.32499,31.44024],[-94.31474,31.43574],[-94.31647,31.43322],[-94.31322,31.43161],[-94.31645,31.43042],[-94.30982,31.42842],[-94.30992,31.42458],[-94.3049,31.42186],[-94.30999,31.4169],[-94.30855,31.41383],[-94.31502,31.41119],[-94.31274,31.40399],[-94.31746,31.40193],[-94.31631,31.40494],[-94.3193,31.40565],[-94.32735,31.39934],[-94.32352,31.39208],[-94.32584,31.38843],[-94.32274,31.38798],[-94.32309,31.38501],[-94.32788,31.3844],[-94.32649,31.3796],[-94.32405,31.38113],[-94.32454,31.37568],[-94.33034,31.36363],[-94.32544,31.35735],[-94.32542,31.35147],[-94.32193,31.35136],[-94.32368,31.34938],[-94.31702,31.34294],[-94.31917,31.34209],[-94.31323,31.33788],[-94.31824,31.33302],[-94.31516,31.32907],[-94.31673,31.32407],[-94.32219,31.32137],[-94.31898,31.31956],[-94.32004,31.31519],[-94.3167,31.31471],[-94.31563,31.31046],[-94.31833,31.30815],[-94.31467,31.30811],[-94.3246,31.29514],[-94.32056,31.29401],[-94.32721,31.29196],[-94.32159,31.28603],[-94.33199,31.27824],[-94.33092,31.27441],[-94.3383,31.2654],[-94.33858,31.26062],[-94.32866,31.25089],[-94.33327,31.2455],[-94.33803,31.24515],[-94.33902,31.24071],[-94.33479,31.2408],[-94.33453,31.23589],[-94.32426,31.23087],[-94.32484,31.2238],[-94.32178,31.22462],[-94.32082,31.22163],[-94.31249,31.22357],[-94.31249,31.2179],[-94.30338,31.2148],[-94.30646,31.21312],[-94.30273,31.21137],[-94.29465,31.21276],[-94.2885,31.20146],[-94.27874,31.20129],[-94.27797,31.19848],[-94.2699,31.19625],[-94.26425,31.19052],[-94.26629,31.18772],[-94.26239,31.18038],[-94.26076,31.18294],[-94.25592,31.18218],[-94.25052,31.18821],[-94.25117,31.18452],[-94.24744,31.18465],[-94.24584,31.18072],[-94.24873,31.1771],[-94.23889,31.18039],[-94.23262,31.17753],[-94.23321,31.17521],[-94.22458,31.17611],[-94.21904,31.17334],[-94.21947,31.16439],[-94.20303,31.15423],[-94.20371,31.1508],[-94.20746,31.15137],[-94.19927,31.14585],[-94.20067,31.14335],[-94.18937,31.13954],[-94.19253,31.13539],[-94.18834,31.13749],[-94.1898,31.13431],[-94.18168,31.12962],[-94.1783,31.12378],[-94.1732,31.12634],[-94.16904,31.12225],[-94.16088,31.12196],[-94.15708,31.11854],[-94.15762,31.11444],[-94.14425,31.11514],[-94.14237,31.10715],[-94.13912,31.10709],[-94.14036,31.10453],[-94.13326,31.10752],[-94.12952,31.09929],[-94.46253,31.03309],[-94.47265,31.02618],[-94.48554,31.03137],[-94.4854,31.03877],[-94.49085,31.03879],[-94.49168,31.04485],[-94.49576,31.04192],[-94.50614,31.04589],[-94.50869,31.04322],[-94.5176,31.05163],[-94.52294,31.04856],[-94.52279,31.05293],[-94.52638,31.05122],[-94.52703,31.0561],[-94.52847,31.05366],[-94.53412,31.05679],[-94.53631,31.05179],[-94.53789,31.05438],[-94.55405,31.0546],[-94.55443,31.05758],[-94.562,31.05877],[-94.56207,31.06353],[-94.57129,31.06314],[-94.57402,31.06849],[-94.58215,31.06806],[-94.58229,31.06469],[-94.58953,31.06611],[-94.59475,31.07282],[-94.59911,31.06853],[-94.60392,31.07591],[-94.61219,31.07785],[-94.60951,31.08204],[-94.6145,31.08275],[-94.61443,31.08528],[-94.61759,31.08377],[-94.62303,31.08749],[-94.62969,31.08348],[-94.63468,31.08906],[-94.64298,31.08794],[-94.64834,31.09896],[-94.65499,31.09386],[-94.65828,31.08484],[-94.66343,31.08841],[-94.67096,31.0885],[-94.67084,31.09553],[-94.67835,31.09316],[-94.67942,31.09613],[-94.68921,31.09781],[-94.69292,31.09578],[-94.69679,31.09867],[-94.69826,31.09621],[-94.70266,31.10192],[-94.70415,31.0988],[-94.70585,31.10275],[-94.7092,31.10127],[-94.70785,31.1047],[-94.71056,31.10566],[-94.71569,31.10364],[-94.72366,31.10851],[-94.73756,31.10355],[-94.7457,31.10674],[-94.7514,31.10543],[-94.78076,31.12356],[-94.79014,31.12411],[-94.79662,31.13106],[-94.80272,31.13224],[-94.80284,31.12998],[-94.81271,31.13351],[-94.81423,31.13068],[-94.81858,31.1323],[-94.82223,31.14001],[-94.82973,31.13866],[-94.83139,31.14151],[-94.84163,31.14323],[-94.84288,31.14644],[-94.9388,31.0423],[-95.19996,30.82474],[-95.20663,30.83172],[-95.23126,30.84134],[-95.23602,30.85809],[-95.243,30.86647],[-95.23053,30.88642],[-95.25086,30.90644],[-95.28071,30.90116],[-95.3003,30.90232],[-95.31324,30.89764],[-95.31067,30.88807],[-95.31691,30.87966],[-95.31396,30.87284],[-95.32821,30.85928],[-95.33689,30.87218],[-95.3444,30.87581],[-95.35029,30.86839],[-95.34958,30.8604],[-95.35333,30.85635],[-95.38333,30.85286],[-95.39743,30.85839],[-95.3986,30.86677],[-95.39144,30.87595],[-95.39973,30.88115],[-95.39713,30.88293],[-95.38148,30.87914],[-95.38094,30.88664],[-95.39921,30.89249],[-95.40542,30.89862],[-95.40615,30.90605],[-95.41523,30.90729],[-95.41083,30.91291],[-95.41421,30.9186],[-95.41033,30.9266],[-95.41221,30.93177],[-95.42348,30.93729],[-95.43447,30.93747],[-95.43463,31.05807],[-95.61142,30.9348],[-95.62891,30.92618],[-95.63888,30.92698],[-95.64296,30.93457],[-95.64934,30.93574],[-95.65012,30.94637],[-95.66029,30.95762],[-95.66418,30.97043],[-95.67289,30.97669],[-95.6749,30.98519],[-95.68131,30.98772],[-95.67053,30.99382],[-95.65818,31.01615],[-95.66769,31.02056],[-95.668,31.02771],[-95.66295,31.03353],[-95.64642,31.03651],[-95.64081,31.04257],[-95.63249,31.037],[-95.62831,31.04267],[-95.62988,31.0521],[-95.64683,31.05523],[-95.65478,31.0671],[-95.64848,31.07003],[-95.66278,31.08377],[-95.67507,31.0761],[-95.67899,31.07859],[-95.68474,31.07692],[-95.69239,31.08236],[-95.69791,31.07667],[-95.70267,31.08224],[-95.70562,31.07761],[-95.71078,31.08191],[-95.72289,31.07965],[-95.72854,31.08825],[-95.73527,31.08352],[-95.7412,31.09096],[-95.75108,31.09245],[-95.75933,31.08878],[-95.76412,31.09426],[-95.97619,31.09173],[-96.01863,31.06963],[-96.04825,31.06857],[-96.07783,31.04772],[-96.17145,30.99416],[-96.193,30.99119],[-96.20908,30.98317],[-96.2411,30.9737],[-96.23839,30.99411],[-96.23524,30.99561],[-96.24427,30.99974],[-96.24643,30.99808],[-96.24683,31.00571],[-96.26079,31.0078],[-96.25836,31.02299],[-96.24877,31.03348],[-96.24737,31.04325],[-96.2401,31.04758],[-96.24656,31.05161],[-96.24157,31.05709],[-96.24336,31.06174],[-96.24851,31.06097],[-96.25307,31.06636],[-96.25547,31.06552],[-96.2571,31.06929],[-96.25286,31.07304],[-96.26894,31.07768],[-96.27745,31.08766],[-96.28075,31.09607],[-96.27694,31.11619],[-96.28279,31.11939],[-96.28373,31.12532],[-96.29277,31.1331],[-96.29333,31.14043],[-96.29587,31.13992],[-96.29919,31.14802],[-96.29752,31.15596],[-96.30178,31.16378],[-96.29931,31.16413],[-96.29677,31.17508],[-96.30148,31.17901],[-96.29714,31.18142],[-96.30244,31.18609],[-96.30547,31.19546],[-96.31175,31.19812],[-96.30906,31.20417],[-96.31185,31.20867],[-96.31043,31.2172],[-96.31955,31.22238],[-96.31405,31.22891],[-96.32077,31.24262],[-96.32877,31.24633],[-96.33112,31.25247],[-96.32491,31.26196],[-96.32385,31.25795],[-96.32047,31.25816],[-96.31385,31.27035],[-96.31779,31.27287],[-96.31623,31.27729],[-96.32799,31.28647],[-96.32859,31.29864],[-96.32536,31.30083],[-96.32101,31.29777],[-96.3173,31.30162],[-96.32601,31.31197],[-96.31738,31.32263],[-96.32023,31.33083],[-96.31468,31.34231],[-96.31988,31.35031],[-96.31713,31.36185],[-96.3227,31.37389],[-96.23646,31.41338],[-96.4967,31.79625],[-96.87241,31.6243],[-96.80105,31.52209],[-97.0306,31.40435],[-96.83023,31.10515],[-96.8307,31.10062],[-96.80975,31.08185],[-96.81979,31.06906],[-96.81969,31.06064],[-96.81075,31.05829],[-96.79198,31.06517],[-96.7865,31.06011],[-96.78455,31.04881],[-96.77102,31.04999],[-96.76704,31.04741],[-96.76726,31.04257],[-96.77861,31.03443],[-96.77027,31.02691],[-96.77432,31.01812],[-96.77073,31.00103],[-96.76617,30.99962],[-96.75557,31.00547],[-96.74416,30.99737],[-96.74894,30.98948],[-96.75651,30.9887],[-96.7597,30.97779],[-96.77193,30.96999],[-96.7705,30.95967],[-96.76087,30.95601],[-96.75561,30.94464],[-96.75728,30.92883],[-96.74259,30.91524],[-96.7272,30.91518],[-96.72636,30.91216],[-96.73198,30.909],[-96.73406,30.9031],[-96.73107,30.89998],[-96.71676,30.89723],[-96.7046,30.90664],[-96.69497,30.90912],[-96.68407,30.905],[-96.68505,30.89466],[-96.69768,30.89748],[-96.69138,30.88773],[-96.68104,30.88085],[-96.68317,30.87776],[-96.6888,30.88008],[-96.69463,30.8783],[-96.69525,30.86536],[-96.68122,30.85124],[-96.67887,30.84301],[-96.66753,30.8409],[-96.66829,30.83269],[-96.64936,30.82618],[-96.64067,30.81751],[-96.63613,30.79749],[-96.6478,30.78967],[-96.64835,30.78101],[-96.64206,30.77724],[-96.63375,30.78296],[-96.62529,30.78078],[-96.62068,30.76944],[-96.61019,30.75791],[-96.61573,30.74929],[-96.62623,30.74967],[-96.63273,30.742],[-96.62113,30.73085],[-97.15505,30.45732],[-97.22635,30.43551],[-97.26301,30.36836],[-97.42307,30.32893],[-97.42779,30.32082],[-97.65008,30.47585],[-97.6641,30.48146],[-97.67,30.47855],[-97.68506,30.47894],[-97.68878,30.4614],[-97.71507,30.45865],[-97.73368,30.4497],[-97.74633,30.44951],[-97.7557,30.43877],[-97.75369,30.4334],[-97.77586,30.43004],[-97.77936,30.43933],[-97.78667,30.44398],[-97.81194,30.44694],[-97.84834,30.47326],[-97.84679,30.47693],[-97.86232,30.49739],[-97.85922,30.5002],[-97.86459,30.51556],[-97.87167,30.52408],[-97.86845,30.5468],[-97.88364,30.55296],[-97.88907,30.56517],[-97.89614,30.56463],[-97.90227,30.57141],[-97.92207,30.56416],[-97.9268,30.56769],[-97.91542,30.5798],[-97.92155,30.59106],[-97.91706,30.60487],[-97.93504,30.61014],[-97.95673,30.62825],[-97.97787,30.62211],[-97.99258,30.60945],[-97.99776,30.61266],[-98.00621,30.62746],[-98.01231,30.61754],[-98.03648,30.61191],[-98.03959,30.61855],[-98.04997,30.6239],[-97.96236,30.78569],[-97.82851,30.90619],[-97.85779,30.95719],[-97.91155,31.03499],[-97.92743,31.0995],[-97.49559,31.43098],[-97.68987,31.71107],[-97.76617,31.6723],[-98.00526,32.01799],[-98.20866,31.91735],[-98.15657,31.84161],[-98.46346,31.68405],[-98.26678,31.41048],[-98.50633,31.26478],[-98.51246,31.21619],[-98.56899,31.19865],[-98.55762,31.19214],[-98.54401,31.19476],[-98.53959,31.19254],[-98.53533,31.1863],[-98.54436,31.1797],[-98.54318,31.17499],[-98.53003,31.17357],[-98.51914,31.16457],[-98.5044,31.1662],[-98.51078,31.15511],[-98.52824,31.15507],[-98.52795,31.13772],[-98.54664,31.12941],[-98.5486,31.12544],[-98.53107,31.10296],[-98.52578,31.08956],[-98.51778,31.09338],[-98.51189,31.10648],[-98.50527,31.10869],[-98.49805,31.11872],[-98.49315,31.11877],[-98.48876,31.11398],[-98.48059,31.119],[-98.46961,31.10661],[-98.45995,31.11173],[-98.45561,31.11068],[-98.45586,31.1066],[-98.47073,31.09451],[-98.45791,31.08845],[-98.45646,31.07896],[-98.47245,31.07632],[-98.47663,31.0704],[-98.48362,31.06778],[-98.48395,31.06183],[-98.47466,31.0525],[-98.44761,31.04122],[-98.43977,31.02963],[-98.44196,31.02103],[-98.45961,31.00991],[-98.44193,30.98437],[-98.45284,30.96465],[-98.44518,30.95015],[-98.42563,30.94853],[-98.41541,30.94398],[-98.4177,30.92753],[-98.4228,30.92414],[-98.43935,30.92664],[-98.44581,30.92132],[-98.96453,30.92138],[-98.96408,30.49859],[-99.48461,30.49965],[-99.4836,30.71101],[-100.11613,30.71041],[-100.11546,31.06023],[-100.15428,31.05915],[-100.16411,31.08822],[-100.68838,31.08642],[-101.28501,31.07909],[-101.85744,31.07976],[-102.39268,31.08836],[-102.46889,31.08675],[-102.46957,31.22011],[-102.4659,31.21958],[-102.46873,31.22336],[-102.46574,31.22658],[-102.47302,31.22681],[-102.48579,31.23829],[-102.48578,31.23561],[-102.49088,31.23531],[-102.49098,31.24067],[-102.49385,31.2404],[-102.49653,31.24552],[-102.50158,31.2453],[-102.49826,31.24864],[-102.50224,31.24902],[-102.50246,31.25322],[-102.52079,31.26281],[-102.53313,31.26069],[-102.54092,31.2673],[-102.55009,31.26559],[-102.54988,31.26904],[-102.56084,31.26757],[-102.56679,31.2726],[-102.56668,31.26977],[-102.57156,31.26975],[-102.57463,31.27275],[-102.5749,31.26803],[-102.57882,31.27175],[-102.58225,31.26627],[-102.58045,31.26306],[-102.5836,31.26516],[-102.58856,31.26025],[-102.59389,31.26723],[-102.59636,31.26415],[-102.60068,31.26712],[-102.59909,31.27031],[-102.60393,31.27081],[-102.60263,31.27585],[-102.60993,31.28208],[-102.60858,31.28602],[-102.6155,31.28515],[-102.61634,31.28938],[-102.63552,31.29375],[-102.63799,31.29616],[-102.63523,31.30534],[-102.64208,31.30751],[-102.64111,31.31026],[-102.64797,31.31285],[-102.64789,31.31552],[-102.65115,31.31224],[-102.6551,31.31552],[-102.66519,31.31386],[-102.66622,31.32509],[-102.67566,31.32993],[-102.67659,31.32681],[-102.70763,31.31129],[-102.7249,31.30838],[-102.72945,31.30301],[-102.72677,31.29985],[-102.72994,31.3013],[-102.72965,31.29796],[-102.73229,31.29826],[-102.72894,31.29502],[-102.73263,31.29201],[-102.72995,31.28778],[-102.73899,31.28268],[-102.74249,31.28482],[-102.74334,31.28139],[-102.7537,31.27905],[-102.75712,31.28355],[-102.75445,31.28557],[-102.75513,31.29038],[-102.75786,31.29027],[-102.75564,31.29148],[-102.77456,31.29527],[-102.77559,31.29158],[-102.77837,31.29272],[-102.78671,31.28467],[-102.79969,31.28045],[-102.80248,31.28285],[-102.80967,31.27388],[-102.81757,31.27396],[-102.82067,31.26796],[-102.8237,31.27051],[-102.82684,31.26685],[-102.82608,31.27073],[-102.83089,31.27326],[-102.82976,31.27558],[-102.83722,31.28488],[-102.84865,31.29071],[-102.85614,31.29062],[-102.8591,31.29561],[-102.86499,31.29633],[-102.87724,31.30529],[-102.87699,31.3114],[-102.87297,31.31194],[-102.87581,31.31651],[-102.89969,31.32413],[-102.90132,31.33065],[-102.91376,31.33908],[-102.92787,31.33792],[-102.9336,31.35006],[-102.94396,31.34915],[-102.94778,31.35328],[-102.95802,31.35093],[-102.95925,31.35477],[-102.96592,31.35121],[-102.97267,31.35902],[-102.97352,31.35611],[-102.97754,31.35813],[-102.97883,31.35299],[-102.9865,31.35805],[-102.99602,31.3569],[-102.99866,31.36374],[-103.01073,31.3706],[-103.01086,31.37747],[-103.01565,31.3756],[-103.02346,31.37952],[-103.03541,31.37827],[-103.03684,31.38234],[-103.04001,31.38007],[-103.05796,31.38516],[-103.05665,31.38347],[-103.06637,31.37734],[-103.06792,31.37037],[-103.06278,31.36839],[-103.06502,31.36622],[-103.09988,31.3653],[-103.10713,31.36097],[-103.10856,31.36377],[-103.12824,31.36744],[-103.12951,31.36394],[-103.13991,31.3648],[-103.16015,31.37249],[-103.19458,31.37199],[-103.21209,31.38169],[-103.24498,31.38901],[-103.25072,31.40121],[-103.254,31.40121],[-103.25772,31.40706],[-103.25947,31.41542],[-103.2552,31.42047],[-103.26182,31.42748],[-103.27466,31.42376],[-103.27675,31.42098],[-103.27435,31.41685],[-103.27624,31.41825],[-103.27832,31.41444],[-103.28646,31.42087],[-103.30315,31.42123],[-103.30954,31.41629],[-103.31616,31.41789],[-103.33023,31.41193],[-103.34904,31.42355],[-103.35811,31.41803],[-103.3582,31.41513],[-103.36167,31.41516],[-103.35945,31.41723],[-103.36167,31.41902],[-103.36384,31.41484],[-103.36882,31.41392],[-103.37166,31.41624],[-103.36772,31.41797],[-103.37988,31.41946],[-103.38095,31.4169],[-103.39097,31.4295],[-103.39894,31.43116],[-103.39894,31.43394],[-103.41781,31.42606],[-103.44246,31.43378],[-103.44037,31.43151],[-103.44374,31.43087],[-103.44211,31.42807],[-103.44613,31.42434],[-103.46191,31.42961],[-103.46809,31.43416],[-103.46792,31.43784],[-103.47639,31.44024],[-103.47646,31.44482],[-103.48303,31.44706],[-103.48921,31.45619],[-103.48881,31.46522],[-103.4861,31.46679],[-103.48897,31.46891],[-103.48386,31.46904],[-103.48093,31.47521],[-103.48585,31.47865],[-103.48568,31.48191],[-103.48982,31.48246],[-103.48972,31.48678],[-103.49506,31.48859],[-103.49305,31.49119],[-103.49644,31.4929],[-103.49575,31.49928],[-103.50367,31.50599],[-103.50361,31.51532],[-103.49907,31.51625],[-103.49962,31.51953],[-103.49571,31.52171],[-103.4999,31.52277],[-103.49701,31.5251],[-103.50277,31.52826],[-103.49741,31.53219],[-103.49539,31.5496],[-103.50176,31.55381],[-103.49903,31.55558],[-103.50398,31.55853],[-103.50169,31.56082],[-103.50562,31.56109],[-103.50261,31.56373],[-103.50864,31.56454],[-103.5073,31.56926],[-103.51176,31.56716],[-103.51474,31.57687],[-103.51402,31.5827],[-103.5103,31.57958],[-103.51104,31.58612],[-103.50728,31.58737],[-103.51107,31.59088],[-103.50575,31.5902],[-103.50854,31.59246],[-103.50487,31.59251],[-103.50716,31.59492],[-103.50411,31.59677],[-103.50525,31.602],[-103.50859,31.60267],[-103.50723,31.60571],[-103.51426,31.61323],[-103.50996,31.61471],[-103.51306,31.61554],[-103.51026,31.62047],[-103.51329,31.62334],[-103.50959,31.62279],[-103.50909,31.62548],[-103.5174,31.62517],[-103.51651,31.62855],[-103.53012,31.63253],[-103.52629,31.63446],[-103.53071,31.63597],[-103.52877,31.63868],[-103.53142,31.64253],[-103.53251,31.64033],[-103.5518,31.64483],[-103.55445,31.63942],[-103.55916,31.64046],[-103.56228,31.63289],[-103.57311,31.63226],[-103.58761,31.6381],[-103.59193,31.64488],[-103.59665,31.64282],[-103.59454,31.64596],[-103.59946,31.64665],[-103.60105,31.65001],[-103.6047,31.64797],[-103.6115,31.65407],[-103.61525,31.65053],[-103.61603,31.65558],[-103.61938,31.65498],[-103.62215,31.66835],[-103.62827,31.66949],[-103.63448,31.68024],[-103.63564,31.68991],[-103.62061,31.68938],[-103.62531,31.70461],[-103.65063,31.7112],[-103.65964,31.71042],[-103.66864,31.71521],[-103.69151,31.7475],[-103.7014,31.74792],[-103.71797,31.74283],[-103.72287,31.74532],[-103.7254,31.74384],[-103.72127,31.74257],[-103.72168,31.73975],[-103.72852,31.74161],[-103.7305,31.73859],[-104.04763,31.73857],[-104.072,31.45709],[-104.14569,31.41354],[-104.19867,31.39221],[-104.25383,31.37743],[-104.31038,31.36941],[-104.3798,31.36818],[-104.41642,31.37301],[-104.45126,31.38525],[-104.48284,31.40439],[-104.50982,31.42961],[-104.53104,31.45984],[-104.5456,31.49378],[-104.55129,31.51776],[-104.55351,31.55462],[-104.55076,31.57911],[-104.53533,31.6258],[-104.49056,31.69924],[-104.4663,31.76883],[-104.4617,31.793],[-104.44299,32.00012],[-103.06451,32.00042],[-103.06471,32.85748],[-102.59668,32.85862],[-102.59433,32.95869],[-101.17333,32.96362],[-101.03847,32.9702],[-100.99,32.96502],[-100.90842,32.96484],[-100.9052,32.96788],[-100.904,32.96483],[-100.86238,32.96428],[-100.14166,32.95966],[-100.14437,32.95168],[-100.14175,32.9312],[-100.14463,32.91239],[-100.14179,32.90934],[-100.14487,32.88183],[-100.15187,32.08254],[-100.23508,32.08237],[-100.235,31.58549],[-100.23378,31.5822],[-100.22699,31.58135],[-99.72186,31.57669],[-99.71394,32.08205],[-99.11885,32.07969],[-99.11433,32.51488],[-99.61204,32.51483],[-99.6107,32.99228],[-98.95144,33.03254],[-98.95402,33.39756],[-99.47226,33.39891],[-99.47536,33.80413],[-99.47452,34.39473],[-99.4648,34.39349],[-99.46379,34.38312],[-99.4608,34.38017],[-99.45457,34.38083],[-99.45367,34.38789],[-99.44714,34.37813],[-99.43526,34.36934],[-99.42523,34.3709],[-99.4276,34.37585],[-99.42535,34.38145],[-99.40886,34.3725],[-99.39911,34.37453],[-99.39552,34.38074],[-99.39328,34.40024],[-99.38487,34.4073],[-99.39394,34.41882],[-99.39058,34.42268],[-99.39368,34.42589],[-99.39067,34.42796],[-99.39476,34.43687],[-99.38564,34.45044],[-99.3746,34.459],[-99.36046,34.45505],[-99.35638,34.44119],[-99.32051,34.41576],[-99.31932,34.40709]]]]}},{"type":"Feature","properties":{"aid":"peco","eia_id":"14940","name":"PECO ENERGY CO","type":"INVESTOR OWNED"},"geometry":{"type":"MultiPolygon","coordinates":[[[[-76.29242,39.78311],[-76.27725,39.77757],[-76.26953,39.76298],[-76.24127,39.73114],[-76.24055,39.72127],[-76.41875,39.72127],[-76.41813,39.79206],[-76.49508,39.82423],[-76.43072,39.89558],[-76.38795,39.90848],[-76.37959,39.88782],[-76.38147,39.87912],[-76.37775,39.8663],[-76.35248,39.84904],[-76.35071,39.83783],[-76.33919,39.82301],[-76.31348,39.80798],[-76.29242,39.78311]]],[[[-75.99733,39.92825],[-75.9915,39.92677],[-75.98494,39.93205],[-75.98177,39.92946],[-75.98096,39.93353],[-75.992,39.94536],[-75.99435,39.95316],[-75.93483,40.03979],[-75.82215,40.05227],[-75.80816,40.09564],[-75.76479,40.11383],[-75.78857,40.13901],[-75.78997,40.1516],[-75.71303,40.14881],[-75.69347,40.16431],[-75.6958,40.17747],[-75.71672,40.18886],[-75.74158,40.21805],[-75.69676,40.24171],[-75.66473,40.2812],[-75.58851,40.25233],[-75.58223,40.24034],[-75.56195,40.24859],[-75.53948,40.27535],[-75.5446,40.28967],[-75.50571,40.3335],[-75.49742,40.39553],[-75.45591,40.40245],[-75.36324,40.34614],[-75.41783,40.31389],[-75.42623,40.2943],[-75.34788,40.25373],[-75.33389,40.21596],[-75.30591,40.22855],[-75.3227,40.25513],[-75.22197,40.36425],[-75.25208,40.38374],[-75.24579,40.40225],[-75.24442,40.43279],[-75.22748,40.45963],[-75.20286,40.46662],[-75.16581,40.46302],[-75.14643,40.4356],[-75.11565,40.43281],[-75.06477,40.43858],[-75.05896,40.4189],[-75.03374,40.40587],[-75.02147,40.40424],[-74.99632,40.41058],[-74.96727,40.39865],[-74.95338,40.37581],[-74.94644,40.35869],[-74.94482,40.34436],[-74.94031,40.33875],[-74.91353,40.31941],[-74.8924,40.31354],[-74.8746,40.30078],[-74.86098,40.28586],[-74.84193,40.25011],[-74.77168,40.2159],[-74.75552,40.1864],[-74.73714,40.17773],[-74.72168,40.15921],[-74.72412,40.14737],[-74.74007,40.13579],[-74.76132,40.13333],[-74.78397,40.1205],[-74.81473,40.12758],[-74.82343,40.12636],[-74.83553,40.1037],[-74.85451,40.09325],[-74.86269,40.08284],[-74.90599,40.07111],[-74.92557,40.07097],[-74.93822,40.06638],[-74.97815,40.0469],[-75.01093,40.02153],[-75.04134,40.00993],[-75.07215,39.98079],[-75.10064,39.97342],[-75.12752,39.96106],[-75.13396,39.95439],[-75.13637,39.94403],[-75.13539,39.92783],[-75.12862,39.90947],[-75.13161,39.899],[-75.1404,39.88852],[-75.15111,39.88286],[-75.18921,39.88069],[-75.21012,39.86578],[-75.22601,39.85936],[-75.27335,39.84893],[-75.3168,39.85008],[-75.33971,39.84685],[-75.41498,39.80223],[-75.46759,39.8255],[-75.52152,39.83733],[-75.57912,39.83891],[-75.63711,39.82978],[-75.68436,39.81215],[-75.72392,39.78698],[-75.75125,39.76025],[-75.77371,39.72217],[-76.13556,39.7215],[-76.13659,39.72521],[-76.13387,39.72711],[-76.11894,39.72353],[-76.12049,39.73554],[-76.11379,39.73714],[-76.10851,39.73466],[-76.11107,39.72795],[-76.10182,39.72418],[-76.09246,39.73381],[-76.10193,39.73953],[-76.1003,39.74571],[-76.09383,39.7427],[-76.08647,39.74597],[-76.08263,39.75304],[-76.08588,39.75584],[-76.08189,39.7613],[-76.06743,39.75964],[-76.06353,39.7633],[-76.06482,39.77075],[-76.05863,39.77964],[-76.05071,39.78259],[-76.04844,39.78922],[-76.04341,39.79147],[-76.0424,39.79645],[-76.0499,39.80307],[-76.03958,39.80112],[-76.03551,39.81114],[-76.02962,39.81273],[-76.03763,39.82691],[-76.02717,39.82402],[-76.02286,39.83069],[-76.01645,39.83131],[-76.02279,39.84987],[-76.01897,39.85401],[-76.00745,39.85239],[-76.0024,39.87434],[-75.9914,39.86865],[-75.98749,39.87235],[-75.99236,39.88218],[-75.98648,39.89256],[-75.99506,39.89852],[-75.99733,39.92825]]]]}},{"type":"Feature","properties":{"aid":"pseg","eia_id":"15477","name":"PUBLIC SERVICE ELEC & GAS CO","type":"INVESTOR OWNED"},"geometry":{"type":"Polygon","coordinates":[[[-73.9875,40.96747],[-73.98593,40.95929],[-73.97454,40.95329],[-73.97549,40.93568],[-73.9793,40.93568],[-73.98073,40.92807],[-73.9655,40.92712],[-73.96264,40.93045],[-73.9214,40.90993],[-73.92982,40.88868],[-73.96318,40.8269],[-74.01378,40.7566],[-74.02389,40.71303],[-74.05462,40.65341],[-74.08681,40.6516],[-74.09375,40.64824],[-74.14325,40.64215],[-74.18139,40.64648],[-74.18834,40.64426],[-74.20225,40.6309],[-74.20381,40.60596],[-74.19952,40.59754],[-74.2063,40.58854],[-74.21528,40.56024],[-74.2184,40.557],[-74.23169,40.55846],[-74.24741,40.5492],[-74.25061,40.54185],[-74.2461,40.52161],[-74.28986,40.5027],[-74.29031,40.50674],[-74.31101,40.50746],[-74.32243,40.49104],[-74.336,40.4839],[-74.35455,40.48247],[-74.37454,40.45963],[-74.37383,40.4532],[-74.35884,40.44392],[-74.35455,40.43322],[-74.36169,40.41537],[-74.43379,40.41608],[-74.48876,40.28617],[-74.51202,40.28394],[-74.53973,40.28854],[-74.57014,40.29953],[-74.57013,40.22834],[-74.53301,40.20122],[-74.579,40.12267],[-74.58803,40.13817],[-74.60179,40.13687],[-74.60684,40.14075],[-74.61739,40.14122],[-74.61893,40.10708],[-74.72021,40.04949],[-74.73112,39.87145],[-74.83206,39.86],[-74.87085,39.84971],[-74.93938,39.844],[-74.97508,39.82829],[-75.03978,39.81955],[-75.03746,39.78987],[-75.08067,39.77154],[-75.11971,39.79186],[-75.14586,39.77942],[-75.17209,39.79117],[-75.18994,39.77261],[-75.23134,39.834],[-75.22992,39.84757],[-75.22601,39.85936],[-75.21012,39.86578],[-75.19107,39.87994],[-75.15111,39.88286],[-75.1404,39.88852],[-75.13161,39.899],[-75.12852,39.91011],[-75.13631,39.93451],[-75.13525,39.95079],[-75.13019,39.95917],[-75.10064,39.97342],[-75.07215,39.98079],[-75.04134,40.00993],[-75.01093,40.02153],[-74.97815,40.0469],[-74.93822,40.06638],[-74.92557,40.07097],[-74.90599,40.07111],[-74.86269,40.08284],[-74.85451,40.09325],[-74.83617,40.103],[-74.82915,40.11957],[-74.82236,40.12688],[-74.78397,40.1205],[-74.76132,40.13333],[-74.74072,40.13539],[-74.72295,40.14919],[-74.72241,40.16122],[-74.73714,40.17773],[-74.75552,40.1864],[-74.77168,40.2159],[-74.84193,40.25011],[-74.86098,40.28586],[-74.86993,40.29657],[-74.85926,40.319],[-74.85355,40.3485],[-74.81262,40.36754],[-74.8019,40.38499],[-74.80807,40.41573],[-74.74828,40.42416],[-74.69934,40.42679],[-74.70434,40.54315],[-74.6972,40.56813],[-74.64937,40.58455],[-74.64509,40.59883],[-74.63367,40.60382],[-74.64366,40.63666],[-74.61939,40.64665],[-74.53301,40.59383],[-74.49018,40.61239],[-74.48376,40.60739],[-74.45663,40.6231],[-74.46163,40.63238],[-74.3467,40.69234],[-74.32529,40.68306],[-74.30316,40.72089],[-74.3508,40.80696],[-74.3475,40.81251],[-74.3439,40.92026],[-74.27968,40.90177],[-74.27627,40.89663],[-74.26982,40.89629],[-74.2639,40.90364],[-74.26533,40.97573],[-74.24963,40.99368],[-74.21607,40.97592],[-74.21099,40.98009],[-74.17113,40.97705],[-74.16918,40.98898],[-74.17727,40.99517],[-74.16157,41.00231],[-74.15586,41.00088],[-74.14063,41.00659],[-74.13587,41.02515],[-74.10208,41.01659],[-74.09923,41.03134],[-74.07638,41.02468],[-74.074,41.0399],[-74.08447,41.04228],[-74.08162,41.05037],[-74.07067,41.04704],[-74.05164,41.04847],[-74.03688,41.04561],[-74.0307,41.03705],[-74.01261,41.03752],[-74.01203,41.04619],[-74.00167,41.04161],[-73.99144,40.98809],[-73.99691,40.98708],[-73.99929,40.97947],[-73.99358,40.96804],[-73.9875,40.96747]]]}}]}
